Workbook

Sheet 24年对比25年老店营业额
B1: 市场2024年-2025年营业额统计表
B2: 年份 | C2: 1月 | D2: 2月 | E2: 3月 | F2: 4月 | G2: 5月 | H2: 6月 | I2: 7月 | J2: 8月 | K2: 9月 | L2: 10月 | M2: 11月 | N2: 12月 | O2: 合计
B4: 2024年 | C4: 932103.3 | D4: 652349 | E4: 945464.1 | F4: 915125.2 | G4: 1027966.8 | H4: 1007880.1 | I4: 1064341.1 | J4: 1283617.3 | K4: 1121387 | L4: 1150757.4 | M4: 1229094.7 | N4: 1232186.1 | O4: =SUM(C4:N4) -> 12562272
B5: 2025年 | C5: 1085927.7 | D5: 1164055.8 | E5: 1368149.8 | F5: 1425158.8 | G5: 1452104 | H5: 1392730.5 | I5: 1629481.2 | J5: 1619943.3 | K5: 1498782.2 | L5: 1571954.8 | M5: 1536909.3 | N5: 1757816.4 | O5: =SUM(C5:N5) -> 17503014 | P5: =O5*(1+6%) -> 18553195
B6: 25年vs24年 | C6: =(C5-C4)/C4 -> 0.16502931 | D6: =(D5-D4)/D4 -> 0.78440646 | E6: =(E5-E4)/E4 -> 0.44706687 | F6: =(F5-F4)/F4 -> 0.55733748 | G6: =(G5-G4)/G4 -> 0.4125982 | H6: =(H5-H4)/H4 -> 0.38184141 | I6: =(I5-I4)/I4 -> 0.53097654 | J6: =(J5-J4)/J4 -> 0.2620142 | ... O6: =(O5-O4)/O4 -> 0.3933
B7: 25年vs24年 | C7: =C5-C4 -> 153824.36 | D7: =D5-D4 -> 511706.77 | E7: =E5-E4 -> 422685.68 | F7: =F5-F4 -> 510033.57 | G7: =G5-G4 -> 424137.23 | H7: =H5-H4 -> 384850.37 | I7: =I5-I4 -> 565140.15 | J7: =J5-J4 -> 336325.96 | ... O7: =O5-O4 -> 4940741.6
B8: 25年对比24年新增门店 ： 2-12月 铁机路的营业额； 1-10月蔡甸中百店营业额； 3-12月东辉店营业额；
B10: 市场2024年-2025年TC统计
B11: 年份 | C11: 1月 | D11: 2月 | E11: 3月 | F11: 4月 | G11: 5月 | H11: 6月 | I11: 7月 | J11: 8月 | K11: 9月 | L11: 10月 | M11: 11月 | N11: 12月 | O11: 合计
B13: 2024年 | C13: 92176 | D13: 60296 | E13: 93724 | F13: 91206 | G13: 92545 | H13: 84451 | I13: 96771 | J13: 116220 | K13: 105593 | L13: 106649 | M13: 117268 | N13: 118073 | O13: =SUM(C13:N13) -> 1174972
B14: 2025年 | C14: 104165 | D14: 114819 | E14: 134817 | F14: 140245 | G14: 142720 | H14: 134878 | I14: 156641 | J14: 153857 | K14: 146132 | L14: 146849 | M14: 144105 | N14: 162112 | O14: =SUM(C14:N14) -> 1681340
B15: 25年vs24年 | C15: =(C14-C13)/C13 -> 0.13006639 | D15: =(D14-D13)/D13 -> 0.90425567 | E15: =(E14-E13)/E13 -> 0.43844693 | F15: =(F14-F13)/F13 -> 0.53767296 | G15: =(G14-G13)/G13 -> 0.54216867 | H15: =(H14-H13)/H13 -> 0.59711549 | I15: =(I14-I13)/I13 -> 0.61867708 | J15: =(J14-J13)/J13 -> 0.32384271 | ... O15: =(O14-O13)/O13 -> 0.43096176
B16: 25年vs24年 | C16: =C14-C13 -> 11989 | D16: =D14-D13 -> 54523 | E16: =E14-E13 -> 41093 | F16: =F14-F13 -> 49039 | G16: =G14-G13 -> 50175 | H16: =H14-H13 -> 50427 | I16: =I14-I13 -> 59870 | J16: =J14-J13 -> 37637 | ... O16: =O14-O13 -> 506368
B18: 市场2024年-2025年AC统计
B19: 年份 | C19: 1月 | D19: 2月 | E19: 3月 | F19: 4月 | G19: 5月 | H19: 6月 | I19: 7月 | J19: 8月 | K19: 9月 | L19: 10月 | M19: 11月 | N19: 12月 | O19: 年平均
B21: 2024年 | C21: =C4/C13 -> 10.112213 | D21: =D4/D13 -> 10.819109 | E21: =E4/E13 -> 10.087748 | F21: =F4/F13 -> 10.033607 | G21: =G4/G13 -> 11.10775 | H21: =H4/H13 -> 11.934496 | I21: =I4/I13 -> 10.998554 | J21: =J4/J13 -> 11.044719 | ... N21: =N4/N13 -> 10.435799 | O21: =AVERAGE(C21:N21) -> 10.705426
B22: 2025年 | C22: =C5/C14 -> 10.425072 | D22: =D5/D14 -> 10.138181 | E22: =E5/E14 -> 10.148199 | F22: =F5/F14 -> 10.161922 | G22: =G5/G14 -> 10.174495 | H22: =H5/H14 -> 10.325854 | I22: =I5/I14 -> 10.402648 | J22: =J5/J14 -> 10.528889 | ... N22: =N5/N14 -> 10.843222 | O22: =AVERAGE(C22:N22) -> 10.397884
B23: 25年vs24年 | C23: =(C22-C21)/C21 -> 0.030938811 | D23: =(D22-D21)/D21 -> -0.062937563 | E23: =(E22-E21)/E21 -> 0.005992536 | F23: =(F22-F21)/F21 -> 0.012788491 | G23: =(G22-G21)/G21 -> -0.084018358 | H23: =(H22-H21)/H21 -> -0.1347893 | I23: =(I22-I21)/I21 -> -0.054180382 | J23: =(J22-J21)/J21 -> -0.04670382 | ... O23: =(O22-O21)/O21 -> -0.028727615
B24: 25年vs24年 | C24: =C22-C21 -> 0.31285983 | D24: =D22-D21 -> -0.68092836 | E24: =E22-E21 -> 0.060451194 | F24: =F22-F21 -> 0.1283147 | G24: =G22-G21 -> -0.93325495 | H24: =H22-H21 -> -1.6086424 | I24: =I22-I21 -> -0.59590587 | J24: =J22-J21 -> -0.51583059 | ... O24: =O22-O21 -> -0.30754135

Sheet 2025年老店营业额同比 环比分析
B2: 市场2025年老店营业额统计 | V2: 市场2024年老店营业额统计 | AM2: 市场老店24年&25年营业额同比 | BE2: 市场老店25年&24年营业额同比
B3: 直营门店 | C3: 1月 | D3: 2月 | E3: 3月 | F3: 4月 | G3: 5月 | H3: 6月 | I3: 7月 | J3: 8月 | K3: 9月 | L3: 10月 | M3: 11月 | N3: 12月 | O3: 合计 | P3: 11月日均 | Q3: 12月日均 | S3: 25年12月环比11月 | T3: 25&24年12月同比 | U3: 全年同比 | V3: 直营门店 | W3: 1月 | X3: 2月 | Y3: 3月 | Z3: 4月 | AA3: 5月 | AB3: 6月 | AC3: 7月 | AD3: 8月 | AE3: 9月 | AF3: 10月 | AG3: 11月 | AH3: 12月 | AI3: 合计 | AM3: 直营门店 | AN3: 1月 | AO3: 2月 | AP3: 3月 | AQ3: 4月 | AR3: 5月 | AS3: 6月 | AT3: 7月 | AU3: 8月 | AV3: 9月 | AW3: 10月 | AX3: 11月 | AY3: 12月 | AZ3: 合计 | BE3: 直营门店 | BF3: 1月 | BG3: 2月 | BH3: 3月 | BI3: 4月 | BJ3: 5月 | BK3: 6月 | BL3: 7月 | BM3: 8月 | BN3: 9月 | BO3: 10月 | BP3: 11月 | BQ3: 12月 | BR3: 合计
B5: 步行街店 | C5: 11.681857 | D5: 11.45976 | E5: 12.30345 | F5: 12.014886 | G5: 12.863619 | H5: 10.867187 | I5: 13.239522 | J5: 11.106115 | K5: 10.347582 | L5: 10.414614 | M5: 11.215678 | N5: 14.90469 | O5: =SUM(C5:N5) -> 142.41896 | P5: =M5/30 -> 0.37385593 | Q5: =N5/31 -> 0.48079645 | S5: =Q5-P5 -> 0.10694052 | T5: =N5/31-AH5/31 -> 0.092459355 | U5: =O5-AI5 -> -9.6321 | V5: 步行街店 | W5: 14.4085 | X5: 9.62105 | Y5: 14.78021 | Z5: 13.0491 | AA5: 13.4138 | AB5: 12.2205 | AC5: 15.50465 | AD5: 11.93295 | AE5: 11.21795 | AF5: 11.69975 | AG5: 12.16415 | AH5: 12.03845 | AI5: =SUM(W5:AH5) -> 152.05106 | AM5: 步行街店 | AN5: =(C5-W5)/W5 -> -0.18923851 | AO5: =(D5-X5)/X5 -> 0.19111324 | AP5: =(E5-Y5)/Y5 -> -0.16757272 | AQ5: =(F5-Z5)/Z5 -> -0.079255581 | AR5: =(G5-AA5)/AA5 -> -0.041016043 | AS5: =(H5-AB5)/AB5 -> -0.11074121 | AT5: =(I5-AC5)/AC5 -> -0.14609346 | AU5: =(J5-AD5)/AD5 -> -0.069290075 | ... AZ5: =(O5-AI5)/AI5 -> -0.063347799 | BE5: 步行街店 | BF5: =(C5-W5)/31 -> -0.087956226 | BG5: =(D5-X5)/28 -> 0.065668214 | BH5: =(E5-Y5)/31 -> -0.079895484 | BI5: =(F5-Z5)/30 -> -0.0344738 | BJ5: =(G5-AA5)/31 -> -0.017747774 | BK5: =(H5-AB5)/30 -> -0.045110433 | BL5: =(I5-AC5)/31 -> -0.073068645 | BM5: =(J5-AD5)/31 -> -0.026672097 | BN5: =(K5-AE5)/30 -> -0.029012267 | BO5: =L5-AF5 -> -1.285136 | BP5: =M5-AG5 -> -0.948472 | BQ5: =N5-AH5 -> 2.86624 | BR5: =O5-AI5 -> -9.6321
B6: 新常青十一小区店 | C6: 11.04901 | D6: 11.299986 | E6: 13.568962 | F6: 13.781852 | G6: 14.400119 | H6: 12.564223 | I6: 15.061661 | J6: 15.791372 | K6: 13.568442 | L6: 14.959915 | M6: 15.90785 | N6: 17.742376 | O6: =SUM(C6:N6) -> 169.69577 | P6: =M6/30 -> 0.53026167 | Q6: =N6/31 -> 0.57233471 | S6: =Q6-P6 -> 0.042073043 | T6: =N6/31-AH6/31 -> 0.15915406 | U6: =O6-AI6 -> 5.122368 | V6: 新常青十一小区店 | W6: 14.3526 | X6: 9.91865 | Y6: 14.92015 | Z6: 14.6463 | AA6: 14.6682 | AB6: 13.5356 | AC6: 16.11855 | AD6: 14.63585 | AE6: 12.81485 | AF6: 13.34445 | AG6: 12.8096 | AH6: 12.8086 | AI6: =SUM(W6:AH6) -> 164.5734 | AM6: 新常青十一小区店 | AN6: =(C6-W6)/W6 -> -0.23017363 | AO6: =(D6-X6)/X6 -> 0.13926653 | AP6: =(E6-Y6)/Y6 -> -0.090561288 | AQ6: =(F6-Z6)/Z6 -> -0.059021596 | AR6: =(G6-AA6)/AA6 -> -0.018276339 | AS6: =(H6-AB6)/AB6 -> -0.071764606 | AT6: =(I6-AC6)/AC6 -> -0.065569732 | AU6: =(J6-AD6)/AD6 -> 0.078951479 | ... AZ6: =(O6-AI6)/AI6 -> 0.031125127 | BE6: 新常青十一小区店 | BF6: =(C6-W6)/31 -> -0.10656742 | BG6: =(D6-X6)/28 -> 0.049333429 | BH6: =(E6-Y6)/31 -> -0.04358671 | BI6: =(F6-Z6)/30 -> -0.028814933 | BJ6: =(G6-AA6)/31 -> -0.0086477742 | BK6: =(H6-AB6)/30 -> -0.032379233 | BL6: =(I6-AC6)/31 -> -0.034093194 | BM6: =(J6-AD6)/31 -> 0.037274903 | BN6: =(K6-AE6)/30 -> 0.025119733 | BO6: =L6-AF6 -> 1.615465 | BP6: =M6-AG6 -> 3.09825 | BQ6: =N6-AH6 -> 4.933776 | BR6: =O6-AI6 -> 5.122368
B7: 新工厂店 | C7: 13.6025 | D7: 14.57995 | E7: 16.64905 | F7: 16.32602 | G7: 16.437079 | H7: 15.699708 | I7: 19.411293 | J7: 19.067524 | K7: 22.198704 | L7: 21.431654 | M7: 19.758887 | N7: 24.838165 | O7: =SUM(C7:N7) -> 220.00053 | P7: =M7/30 -> 0.65862957 | Q7: =N7/31 -> 0.80123113 | S7: =Q7-P7 -> 0.14260156 | T7: =N7/31-AH7/31 -> 0.25290855 | U7: =O7-AI7 -> 12.058464 | V7: 新工厂店 | W7: 17.08935 | X7: 12.0566 | Y7: 16.67135 | Z7: 16.14075 | AA7: 15.69295 | AB7: 18.98145 | AC7: 24.04402 | AD7: 21.61425 | AE7: 16.77995 | AF7: 16.08595 | AG7: 15.78745 | AH7: 16.998 | AI7: =SUM(W7:AH7) -> 207.94207 | AM7: 新工厂店 | AN7: =(C7-W7)/W7 -> -0.20403643 | AO7: =(D7-X7)/X7 -> 0.20929201 | AP7: =(E7-Y7)/Y7 -> -0.0013376241 | AQ7: =(F7-Z7)/Z7 -> 0.011478401 | AR7: =(G7-AA7)/AA7 -> 0.047418044 | AS7: =(H7-AB7)/AB7 -> -0.17289206 | AT7: =(I7-AC7)/AC7 -> -0.19267689 | AU7: =(J7-AD7)/AD7 -> -0.11782625 | ... AZ7: =(O7-AI7)/AI7 -> 0.057989535 | BE7: 新工厂店 | BF7: =(C7-W7)/31 -> -0.11247903 | BG7: =(D7-X7)/28 -> 0.090119643 | BH7: =(E7-Y7)/31 -> -0.00071935484 | BI7: =(F7-Z7)/30 -> 0.0061756667 | BJ7: =(G7-AA7)/31 -> 0.024004161 | BK7: =(H7-AB7)/30 -> -0.1093914 | BL7: =(I7-AC7)/31 -> -0.14944281 | BM7: =(J7-AD7)/31 -> -0.082152452 | BN7: =(K7-AE7)/30 -> 0.18062513 | BO7: =L7-AF7 -> 5.345704 | BP7: =M7-AG7 -> 3.971437 | BQ7: =N7-AH7 -> 7.840165 | BR7: =O7-AI7 -> 12.058464
B8: 光谷华科店 | C8: 43.624241 | D8: 41.759321 | E8: 47.286648 | F8: 44.105147 | G8: 44.125056 | H8: 42.968625 | I8: 50.883711 | J8: 52.430466 | K8: 47.556281 | L8: 47.29722 | M8: 46.491504 | N8: 49.768302 | O8: =SUM(C8:N8) -> 558.29652 | P8: =M8/30 -> 1.5497168 | Q8: =N8/31 -> 1.6054291 | S8: =Q8-P8 -> 0.055712297 | T8: =N8/31-AH8/31 -> -0.00059022581 | U8: =O8-AI8 -> 113.59115 | V8: 光谷华科店 | W8: 24.67212 | X8: 18.545 | Y8: 25.7533 | Z8: 25.13315 | AA8: 34.808626 | AB8: 34.240654 | AC8: 27.445889 | AD8: 56.69126 | AE8: 50.257394 | AF8: 49.386444 | AG8: 47.984938 | AH8: 49.786599 | AI8: =SUM(W8:AH8) -> 444.70537 | AM8: 光谷华科店 | AN8: =(C8-W8)/W8 -> 0.7681594 | AO8: =(D8-X8)/X8 -> 1.2517833 | AP8: =(E8-Y8)/Y8 -> 0.83613937 | AQ8: =(F8-Z8)/Z8 -> 0.7548595 | AR8: =(G8-AA8)/AA8 -> 0.26764716 | AS8: =(H8-AB8)/AB8 -> 0.25490083 | AT8: =(I8-AC8)/AC8 -> 0.85396476 | AU8: =(J8-AD8)/AD8 -> -0.075157864 | ... AZ8: =(O8-AI8)/AI8 -> 0.25543012 | BE8: 光谷华科店 | BF8: =(C8-W8)/31 -> 0.61135874 | BG8: =(D8-X8)/28 -> 0.82908289 | BH8: =(E8-Y8)/31 -> 0.69462413 | BI8: =(F8-Z8)/30 -> 0.6323999 | BJ8: =(G8-AA8)/31 -> 0.30053 | BK8: =(H8-AB8)/30 -> 0.29093237 | BL8: =(I8-AC8)/31 -> 0.75605877 | BM8: =(J8-AD8)/31 -> -0.13744497 | BN8: =(K8-AE8)/30 -> -0.0900371 | BO8: =L8-AF8 -> -2.089224 | BP8: =M8-AG8 -> -1.493434 | BQ8: =N8-AH8 -> -0.018297 | BR8: =O8-AI8 -> 113.59115
B9: 新华路店 | C9: 20.44439 | D9: 19.891771 | E9: 20.066298 | F9: 22.343034 | G9: 23.171114 | H9: 23.901958 | I9: 26.223891 | J9: 24.740977 | K9: 22.444834 | L9: 24.182829 | M9: 23.481845 | N9: 24.495947 | O9: =SUM(C9:N9) -> 275.38889 | P9: =M9/30 -> 0.78272817 | Q9: =N9/31 -> 0.79019184 | S9: =Q9-P9 -> 0.007463672 | T9: =N9/31-AH9/31 -> 0.068844742 | U9: =O9-AI9 -> 8.195708 | V9: 新华路店 | W9: 22.68776 | X9: 15.0936 | Y9: 22.4214 | Z9: 22.54322 | AA9: 24.2131 | AB9: 21.80981 | AC9: 23.321 | AD9: 23.48742 | AE9: 21.06856 | AF9: 24.55915 | AG9: 23.6264 | AH9: 22.36176 | AI9: =SUM(W9:AH9) -> 267.19318 | AM9: 新华路店 | AN9: =(C9-W9)/W9 -> -0.098880189 | AO9: =(D9-X9)/X9 -> 0.31789441 | AP9: =(E9-Y9)/Y9 -> -0.10503813 | AQ9: =(F9-Z9)/Z9 -> -0.0088800979 | AR9: =(G9-AA9)/AA9 -> -0.043033977 | AS9: =(H9-AB9)/AB9 -> 0.095926925 | AT9: =(I9-AC9)/AC9 -> 0.12447541 | AU9: =(J9-AD9)/AD9 -> 0.053371422 | ... AZ9: =(O9-AI9)/AI9 -> 0.030673343 | BE9: 新华路店 | BF9: =(C9-W9)/31 -> -0.072366774 | BG9: =(D9-X9)/28 -> 0.17136325 | BH9: =(E9-Y9)/31 -> -0.075971032 | BI9: =(F9-Z9)/30 -> -0.0066728667 | BJ9: =(G9-AA9)/31 -> -0.033612452 | BK9: =(H9-AB9)/30 -> 0.069738267 | BL9: =(I9-AC9)/31 -> 0.093641645 | BM9: =(J9-AD9)/31 -> 0.040437323 | BN9: =(K9-AE9)/30 -> 0.0458758 | BO9: =L9-AF9 -> -0.376321 | BP9: =M9-AG9 -> -0.144555 | BQ9: =N9-AH9 -> 2.134187 | BR9: =O9-AI9 -> 8.195708
B10: 合计 | C10: =SUM(C5:C9) -> 100.402 | D10: =SUM(D5:D9) -> 98.990788 | E10: =SUM(E5:E9) -> 109.87441 | F10: =SUM(F5:F9) -> 108.57094 | G10: =SUM(G5:G9) -> 110.99699 | H10: =SUM(H5:H9) -> 106.0017 | I10: =SUM(I5:I9) -> 124.82008 | J10: =SUM(J5:J9) -> 123.13645 | ... O10: =SUM(O5:O9) -> 1365.8007 | P10: =M10/30 -> 3.8951921 | Q10: =N10/31 -> 4.2499832 | S10: =Q10-P10 -> 0.35479109 | T10: =N10/31-AH10/31 -> 0.57277648 | U10: =O10-AI10 -> 129.33559 | V10: 合计 | W10: =SUM(W5:W9) -> 93.21033 | X10: =SUM(X5:X9) -> 65.2349 | Y10: =SUM(Y5:Y9) -> 94.54641 | Z10: =SUM(Z5:Z9) -> 91.51252 | AA10: =SUM(AA5:AA9) -> 102.79668 | AB10: =SUM(AB5:AB9) -> 100.78801 | AC10: =SUM(AC5:AC9) -> 106.43411 | AD10: =SUM(AD5:AD9) -> 128.36173 | ... AI10: =SUM(AI5:AI9) -> 1236.4651 | AM10: 合计 | AN10: =(C10-W10)/C10 -> 0.071628734 | AO10: =(D10-X10)/D10 -> 0.3410003 | AP10: =(E10-Y10)/E10 -> 0.13950472 | AQ10: =(F10-Z10)/F10 -> 0.15711773 | AR10: =(G10-AA10)/G10 -> 0.073878681 | AS10: =(H10-AB10)/H10 -> 0.049184937 | AT10: =(I10-AC10)/I10 -> 0.14729977 | AU10: =(J10-AD10)/J10 -> -0.042434842 | ... AY10: =(N10-AH10)/N10 -> 0.13477147 | AZ10: =(O10-AI10)/AI10 -> 0.10460108 | BE10: 合计 | BF10: =(C10-W10)/31 -> 0.23198929 | BG10: =(D10-X10)/28 -> 1.2055674 | BH10: =(E10-Y10)/31 -> 0.49445155 | BI10: =(F10-Z10)/30 -> 0.56861397 | BJ10: =(G10-AA10)/31 -> 0.26452616 | BK10: =(H10-AB10)/30 -> 0.17378957 | BL10: =(I10-AC10)/31 -> 0.59309577 | BM10: =(J10-AD10)/31 -> -0.16855729 | BN10: =(K10-AE10)/30 -> 0.1325713 | BO10: =L10-AF10 -> 3.210488 | BP10: =M10-AG10 -> 4.483226 | BQ10: =N10-AH10 -> 17.756071 | BR10: =O10-AI10 -> 129.33559
B11: 10000 | W11: 10000
B12: 市场2025年老店TC统计 | V12: 市场2024年老店TC统计 | AM12: 市场老店24年&25年TC同比 | BE12: 市场老店25年&24年TC同比
B13: 直营门店 | C13: 1月 | D13: 2月 | E13: 3月 | F13: 4月 | G13: 5月 | H13: 6月 | I13: 7月 | J13: 8月 | K13: 9月 | L13: 10月 | M13: 11月 | N13: 12月 | O13: 合计 | P13: 11月日均 | Q13: 12月日均 | S13: 25年12月环比11月 | T13: 25&24年12月同比 | U13: 全年同比 | V13: 直营门店 | W13: 1月 | X13: 2月 | Y13: 3月 | Z13: 4月 | AA13: 5月 | AB13: 6月 | AC13: 7月 | AD13: 8月 | AE13: 9月 | AF13: 10月 | AG13: 11月 | AH13: 12月 | AI13: 合计 | AM13: 直营门店 | AN13: 1月 | AO13: 2月 | AP13: 3月 | AQ13: 4月 | AR13: 5月 | AS13: 6月 | AT13: 7月 | AU13: 8月 | AV13: 9月 | AW13: 10月 | AX13: 11月 | AY13: 12月 | AZ13: 合计 | BE13: 直营门店 | BF13: 1月 | BG13: 2月 | BH13: 3月 | BI13: 4月 | BJ13: 5月 | BK13: 6月 | BL13: 7月 | BM13: 8月 | BN13: 9月 | BO13: 10月 | BP13: 11月 | BQ13: 12月 | BR13: 平均
B15: 步行街店 | C15: 1.2497 | D15: 1.207 | E15: 1.3272 | F15: 1.3067 | G15: 1.3748 | H15: 1.1699 | I15: 1.4154 | J15: 1.1762 | K15: 1.1573 | L15: 1.1137 | M15: 1.1929 | N15: 1.5454 | O15: =SUM(C15:N15) -> 15.2362 | P15: =M15/30 -> 0.039763333 | Q15: =N15/31 -> 0.049851613 | S15: =Q15-P15 -> 0.01008828 | T15: =N15/31-AH15/31 -> 0.0078483871 | U15: =O15-AI15 -> -0.9849 | V15: 步行街店 | W15: 1.538 | X15: 0.9512 | Y15: 1.5719 | Z15: 1.4016 | AA15: 1.4277 | AB15: 1.3032 | AC15: 1.6197 | AD15: =(3199+9616)/10000 -> 1.2815 | AE15: 1.2361 | AF15: 1.261 | AG15: 1.3271 | AH15: 1.3021 | AI15: =SUM(W15:AH15) -> 16.2211 | AM15: 步行街店 | AN15: =(C15-W15)/W15 -> -0.18745124 | AO15: =(D15-X15)/X15 -> 0.26892347 | AP15: =(E15-Y15)/Y15 -> -0.15567148 | AQ15: =(F15-Z15)/Z15 -> -0.067708333 | AR15: =(G15-AA15)/AA15 -> -0.037052602 | AS15: =(H15-AB15)/AB15 -> -0.10228668 | AT15: =(I15-AC15)/AC15 -> -0.12613447 | AU15: =(J15-AD15)/AD15 -> -0.082169333 | ... AZ15: =(O15-AI15)/AI15 -> -0.060717214 | BE15: 步行街店 | BF15: =(C15-W15)/31 -> -0.0093 | BG15: =(D15-X15)/28 -> 0.0091357143 | BH15: =(E15-Y15)/31 -> -0.0078935484 | BI15: =(F15-Z15)/30 -> -0.0031633333 | BJ15: =(G15-AA15)/31 -> -0.0017064516 | BK15: =(H15-AB15)/30 -> -0.0044433333 | BL15: =(I15-AC15)/31 -> -0.0065903226 | BM15: =(J15-AD15)/31 -> -0.0033967742 | BN15: =(K15-AE15)/30 -> -0.0026266667 | BO15: =L15-AF15 -> -0.1473 | BP15: =M15-AG15 -> -0.1342 | BQ15: =N15-AH15 -> 0.2433 | BR15: =AVERAGE(BF15:BN15) -> -0.0033316351
B16: 新常青十一小区店 | C16: 1.0442 | D16: 1.0626 | E16: 1.3161 | F16: 1.3107 | G16: 1.3683 | H16: 1.1965 | I16: 1.4173 | J16: 1.462 | K16: 1.318 | L16: 1.3892 | M16: 1.4517 | N16: 1.5391 | O16: =SUM(C16:N16) -> 15.8757 | P16: =M16/30 -> 0.04839 | Q16: =N16/31 -> 0.049648387 | S16: =Q16-P16 -> 0.0012583871 | T16: =N16/31-AH16/31 -> 0.010367742 | U16: =O16-AI16 -> 0.4621 | V16: 新常青十一小区店 | W16: 1.3919 | X16: 0.8403 | Y16: 1.385 | Z16: 1.4007 | AA16: 1.3708 | AB16: 1.2715 | AC16: =(4838+10027)/10000 -> 1.4865 | AD16: 1.3364 | AE16: 1.237 | AF16: 1.2596 | AG16: 1.2162 | AH16: 1.2177 | AI16: =SUM(W16:AH16) -> 15.4136 | AM16: 新常青十一小区店 | AN16: =(C16-W16)/W16 -> -0.24980243 | AO16: =(D16-X16)/X16 -> 0.26454838 | AP16: =(E16-Y16)/Y16 -> -0.049747292 | AQ16: =(F16-Z16)/Z16 -> -0.064253587 | AR16: =(G16-AA16)/AA16 -> -0.0018237526 | AS16: =(H16-AB16)/AB16 -> -0.05898545 | AT16: =(I16-AC16)/AC16 -> -0.046552304 | AU16: =(J16-AD16)/AD16 -> 0.093983837 | ... AZ16: =(O16-AI16)/AI16 -> 0.029980018 | BE16: 新常青十一小区店 | BF16: =(C16-W16)/31 -> -0.011216129 | BG16: =(D16-X16)/28 -> 0.0079392857 | BH16: =(E16-Y16)/31 -> -0.0022225806 | BI16: =(F16-Z16)/30 -> -0.003 | BJ16: =(G16-AA16)/31 -> -8.0645161e-05 | BK16: =(H16-AB16)/30 -> -0.0025 | BL16: =(I16-AC16)/31 -> -0.0022322581 | BM16: =(J16-AD16)/31 -> 0.0040516129 | BN16: =(K16-AE16)/30 -> 0.0027 | BO16: =L16-AF16 -> 0.1296 | BP16: =M16-AG16 -> 0.2355 | BQ16: =N16-AH16 -> 0.3214 | BR16: =AVERAGE(BF16:BN16) -> -0.00072896825
B17: 新工厂店 | C17: 1.3474 | D17: 1.4603 | E17: 1.6576 | F17: 1.6853 | G17: 1.708 | H17: 1.6449 | I17: 2.0084 | J17: 1.9812 | K17: 2.1867 | L17: 2.0487 | M17: 1.9074 | N17: 2.2718 | O17: =SUM(C17:N17) -> 21.9077 | P17: =M17/30 -> 0.06358 | Q17: =N17/31 -> 0.073283871 | S17: =Q17-P17 -> 0.009703871 | T17: =N17/31-AH17/31 -> 0.019480645 | U17: =O17-AI17 -> 2.4571 | V17: 新工厂店 | W17: 1.698 | X17: 1.091 | Y17: 1.6274 | Z17: 1.5584 | AA17: 1.5517 | AB17: 1.6283 | AC17: 2.0184 | AD17: =(7323+12588)/10000 -> 1.9911 | AE17: 1.6066 | AF17: 1.5106 | AG17: 1.5012 | AH17: 1.6679 | AI17: =SUM(W17:AH17) -> 19.4506 | AM17: 新工厂店 | AN17: =(C17-W17)/W17 -> -0.20647821 | AO17: =(D17-X17)/X17 -> 0.33849679 | AP17: =(E17-Y17)/Y17 -> 0.018557208 | AQ17: =(F17-Z17)/Z17 -> 0.081429671 | AR17: =(G17-AA17)/AA17 -> 0.10072823 | AS17: =(H17-AB17)/AB17 -> 0.010194682 | AT17: =(I17-AC17)/AC17 -> -0.0049544193 | AU17: =(J17-AD17)/AD17 -> -0.004972126 | ... AZ17: =(O17-AI17)/AI17 -> 0.12632515 | BE17: 新工厂店 | BF17: =(C17-W17)/31 -> -0.011309677 | BG17: =(D17-X17)/28 -> 0.013189286 | BH17: =(E17-Y17)/31 -> 0.00097419355 | BI17: =(F17-Z17)/30 -> 0.00423 | BJ17: =(G17-AA17)/31 -> 0.0050419355 | BK17: =(H17-AB17)/30 -> 0.00055333333 | BL17: =(I17-AC17)/31 -> -0.00032258065 | BM17: =(J17-AD17)/31 -> -0.00031935484 | BN17: =(K17-AE17)/30 -> 0.019336667 | BO17: =L17-AF17 -> 0.5381 | BP17: =M17-AG17 -> 0.4062 | BQ17: =N17-AH17 -> 0.6039 | BR17: =AVERAGE(BF17:BN17) -> 0.003485978
B18: 光谷华科店 | C18: 3.7244 | D18: 3.6513 | E18: 4.0369 | F18: 3.7831 | G18: 3.7946 | H18: 3.6574 | I18: 4.3626 | J18: 4.4063 | K18: 4.0603 | L18: 3.8598 | M18: 3.8259 | N18: 4.0713 | O18: =SUM(C18:N18) -> 47.2339 | P18: =M18/30 -> 0.12753 | Q18: =N18/31 -> 0.13133226 | S18: =Q18-P18 -> 0.0038022581 | T18: =N18/31-AH18/31 -> -0.0051677419 | U18: =O18-AI18 -> 9.9606 | V18: 光谷华科店 | W18: 2.3552 | X18: 1.6977 | Y18: 2.4888 | Z18: 2.4351 | AA18: 2.4336 | AB18: 2.0452 | AC18: 2.2413 | AD18: =(12202+34965)/10000 -> 4.7167 | AE18: 4.3089 | AF18: 4.2109 | AG18: 4.1084 | AH18: 4.2315 | AI18: =SUM(W18:AH18) -> 37.2733 | AM18: 光谷华科店 | AN18: =(C18-W18)/W18 -> 0.5813519 | AO18: =(D18-X18)/X18 -> 1.1507333 | AP18: =(E18-Y18)/Y18 -> 0.62202668 | AQ18: =(F18-Z18)/Z18 -> 0.5535707 | AR18: =(G18-AA18)/AA18 -> 0.55925378 | AS18: =(H18-AB18)/AB18 -> 0.78828476 | AT18: =(I18-AC18)/AC18 -> 0.94645964 | AU18: =(J18-AD18)/AD18 -> -0.065808722 | ... AZ18: =(O18-AI18)/AI18 -> 0.2672315 | BE18: 光谷华科店 | BF18: =(C18-W18)/31 -> 0.044167742 | BG18: =(D18-X18)/28 -> 0.069771429 | BH18: =(E18-Y18)/31 -> 0.04993871 | BI18: =(F18-Z18)/30 -> 0.044933333 | BJ18: =(G18-AA18)/31 -> 0.043903226 | BK18: =(H18-AB18)/30 -> 0.05374 | BL18: =(I18-AC18)/31 -> 0.068429032 | BM18: =(J18-AD18)/31 -> -0.010012903 | BN18: =(K18-AE18)/30 -> -0.0082866667 | BO18: =L18-AF18 -> -0.3511 | BP18: =M18-AG18 -> -0.2825 | BQ18: =N18-AH18 -> -0.1602 | BR18: =AVERAGE(BF18:BN18) -> 0.039620434
B19: 新华路店 | C19: 2.0531 | D19: 2.0444 | E19: 2.1216 | F19: 2.3083 | G19: 2.378 | H19: 2.367 | I19: 2.5446 | J19: 2.3634 | K19: 2.2797 | L19: 2.3051 | M19: 2.2442 | N19: 2.3284 | O19: =SUM(C19:N19) -> 27.3378 | P19: =M19/30 -> 0.074806667 | Q19: =N19/31 -> 0.075109677 | S19: =Q19-P19 -> 0.00030301075 | T19: =N19/31-AH19/31 -> 0.0026677419 | U19: =O19-AI19 -> 0.5399 | V19: 新华路店 | W19: 2.2345 | X19: 1.4494 | Y19: 2.2993 | Z19: 2.3248 | AA19: 2.4707 | AB19: 2.1969 | AC19: 2.3112 | AD19: =(6496+16467)/10000 -> 2.2963 | AE19: 2.1707 | AF19: 2.4228 | AG19: 2.3756 | AH19: 2.2457 | AI19: =SUM(W19:AH19) -> 26.7979 | AM19: 新华路店 | AN19: =(C19-W19)/W19 -> -0.081181472 | AO19: =(D19-X19)/X19 -> 0.4105147 | AP19: =(E19-Y19)/Y19 -> -0.077284391 | AQ19: =(F19-Z19)/Z19 -> -0.0070973847 | AR19: =(G19-AA19)/AA19 -> -0.037519731 | AS19: =(H19-AB19)/AB19 -> 0.077427284 | AT19: =(I19-AC19)/AC19 -> 0.1009865 | AU19: =(J19-AD19)/AD19 -> 0.029220921 | ... AZ19: =(O19-AI19)/AI19 -> 0.020147101 | BE19: 新华路店 | BF19: =(C19-W19)/31 -> -0.0058516129 | BG19: =(D19-X19)/28 -> 0.02125 | BH19: =(E19-Y19)/31 -> -0.0057322581 | BI19: =(F19-Z19)/30 -> -0.00055 | BJ19: =(G19-AA19)/31 -> -0.0029903226 | BK19: =(H19-AB19)/30 -> 0.00567 | BL19: =(I19-AC19)/31 -> 0.0075290323 | BM19: =(J19-AD19)/31 -> 0.0021645161 | BN19: =(K19-AE19)/30 -> 0.0036333333 | BO19: =L19-AF19 -> -0.1177 | BP19: =M19-AG19 -> -0.1314 | BQ19: =N19-AH19 -> 0.0827 | BR19: =AVERAGE(BF19:BN19) -> 0.0027914098
B20: 合计 | C20: =SUM(C15:C19) -> 9.4188 | D20: =SUM(D15:D19) -> 9.4256 | E20: =SUM(E15:E19) -> 10.4594 | F20: =SUM(F15:F19) -> 10.3941 | G20: =SUM(G15:G19) -> 10.6237 | H20: =SUM(H15:H19) -> 10.0357 | I20: =SUM(I15:I19) -> 11.7483 | J20: =SUM(J15:J19) -> 11.3891 | ... O20: =SUM(O15:O19) -> 127.5913 | P20: =M20/30 -> 0.35407 | Q20: =N20/31 -> 0.37922581 | S20: =Q20-P20 -> 0.025155806 | T20: =N20/31-AH20/31 -> 0.035196774 | U20: =O20-AI20 -> 12.4348 | V20: 合计 | W20: =SUM(W15:W19) -> 9.2176 | X20: =SUM(X15:X19) -> 6.0296 | Y20: =SUM(Y15:Y19) -> 9.3724 | Z20: =SUM(Z15:Z19) -> 9.1206 | AA20: =SUM(AA15:AA19) -> 9.2545 | AB20: =SUM(AB15:AB19) -> 8.4451 | AC20: =SUM(AC15:AC19) -> 9.6771 | AD20: =SUM(AD15:AD19) -> 11.622 | ... AI20: =SUM(AI15:AI19) -> 115.1565 | AM20: 合计 | AN20: =(C20-W20)/C20 -> 0.021361532 | AO20: =(D20-X20)/D20 -> 0.36029537 | AP20: =(E20-Y20)/E20 -> 0.10392566 | AQ20: =(F20-Z20)/F20 -> 0.12252143 | AR20: =(G20-AA20)/G20 -> 0.12888165 | AS20: =(H20-AB20)/H20 -> 0.15849418 | AT20: =(I20-AC20)/I20 -> 0.17629785 | AU20: =(J20-AD20)/J20 -> -0.020449377 | ... AY20: =(N20-AH20)/N20 -> 0.092812181 | AZ20: =(O20-AI20)/AI20 -> 0.10798175 | BE20: 合计 | BF20: =(C20-W20)/31 -> 0.0064903226 | BG20: =(D20-X20)/28 -> 0.12128571 | BH20: =(E20-Y20)/31 -> 0.035064516 | BI20: =(F20-Z20)/30 -> 0.04245 | BJ20: =(G20-AA20)/31 -> 0.044167742 | BK20: =(H20-AB20)/30 -> 0.05302 | BL20: =(I20-AC20)/31 -> 0.066812903 | BM20: =(J20-AD20)/31 -> -0.0075129032 | BN20: =(K20-AE20)/30 -> 0.014756667 | BO20: =L20-AF20 -> 0.0516 | BP20: =M20-AG20 -> 0.0936 | BQ20: =N20-AH20 -> 1.0911 | BR20: =AVERAGE(BF20:BN20) -> 0.041837218
B22: 市场2025年老店AC统计 | V22: 市场2024年老店AC统计 | AM22: 市场老店24年&25年AC同比 | BE22: 市场老店25年&24年AC同比
B23: 直营门店 | C23: 1月 | D23: 2月 | E23: 3月 | F23: 4月 | G23: 5月 | H23: 6月 | I23: 7月 | J23: 8月 | K23: 9月 | L23: 10月 | M23: 11月 | N23: 12月 | O23: 合计 | P23: 25年12月 环比11月 | Q23: 25&24年 12月同比 | S23: 全年同比 | V23: 直营门店 | W23: 1月 | X23: 2月 | Y23: 3月 | Z23: 4月 | AA23: 5月 | AB23: 6月 | AC23: 7月 | AD23: 8月 | AE23: 9月 | AF23: 10月 | AG23: 11月 | AH23: 12月 | AI23: 合计 | AM23: 直营门店 | AN23: 1月 | AO23: 2月 | AP23: 3月 | AQ23: 4月 | AR23: 5月 | AS23: 6月 | AT23: 7月 | AU23: 8月 | AV23: 9月 | AW23: 10月 | AX23: 11月 | AY23: 12月 | AZ23: 合计 | BE23: 直营门店 | BF23: 1月 | BG23: 2月 | BH23: 3月 | BI23: 4月 | BJ23: 5月 | BK23: 6月 | BL23: 7月 | BM23: 8月 | BN23: 9月 | BO23: 10月 | BP23: 11月 | BQ23: 12月 | BR23: 平均
B25: 步行街店 | C25: =C5/C15 -> 9.3477291 | D25: =D5/D15 -> 9.4944159 | E25: =E5/E15 -> 9.2702306 | F25: =F5/F15 -> 9.1948313 | G25: =G5/G15 -> 9.3567203 | H25: =H5/H15 -> 9.2889879 | I25: =I5/I15 -> 9.3539084 | J25: =J5/J15 -> 9.4423695 | K25: =K5/K15 -> 8.9411406 | L25: 9.3513639 | M25: 9.402027 | N25: 9.6445516 | O25: =O5/O15 -> 9.3474068 | P25: =N25-M25 -> 0.24252458 | Q25: =N25-AH25 -> 0.39914031 | S25: =O25-AI25 -> -0.026252166 | V25: 步行街店 | W25: =W5/W15 -> 9.3683355 | X25: =X5/X15 -> 10.114645 | Y25: =Y5/Y15 -> 9.4027674 | Z25: =Z5/Z15 -> 9.3101455 | AA25: =AA5/AA15 -> 9.3953912 | AB25: =AB5/AB15 -> 9.377302 | AC25: =AC5/AC15 -> 9.5725443 | AD25: =AD5/AD15 -> 9.311705 | AE25: =AE5/AE15 -> 9.0752771 | AF25: 9.2781523 | AG25: 9.1659634 | AH25: 9.2454113 | AI25: =AI5/AI15 -> 9.373659 | AM25: 步行街店 | AN25: =C25-W25 -> -0.020606446 | AO25: =D25-X25 -> -0.62022875 | AP25: =E25-Y25 -> -0.13253679 | AQ25: =F25-Z25 -> -0.11531429 | AR25: =G25-AA25 -> -0.038670938 | AS25: =H25-AB25 -> -0.088314078 | AT25: =I25-AC25 -> -0.21863586 | AU25: =J25-AD25 -> 0.13066446 | ... AZ25: =O25-AI25 -> -0.026252166 | BE25: 步行街店 | BF25: =W25-C25 -> 0.020606446 | BG25: =X25-D25 -> 0.62022875 | BH25: =Y25-E25 -> 0.13253679 | BI25: =Z25-F25 -> 0.11531429 | BJ25: =AA25-G25 -> 0.038670938 | BK25: =AB25-H25 -> 0.088314078 | BL25: =AC25-I25 -> 0.21863586 | BM25: =AD25-J25 -> -0.13066446 | ... BQ25: =AH25-N25 -> -0.39914031 | BR25: =AVERAGE(BF25:BQ25) -> 0.044113634
B26: 新常青十一小区店 | C26: =C6/C16 -> 10.581316 | D26: =D6/D16 -> 10.63428 | E26: =E6/E16 -> 10.309978 | F26: =F6/F16 -> 10.514879 | G26: =G6/G16 -> 10.524095 | H26: =H6/H16 -> 10.500813 | I26: =I6/I16 -> 10.62701 | J26: =J6/J16 -> 10.801212 | K26: =K6/K16 -> 10.294721 | L26: 10.768727 | M26: 10.958084 | N26: 11.52776 | O26: =O6/O16 -> 10.689026 | P26: =N26-M26 -> 0.56967675 | Q26: =N26-AH26 -> 1.0090776 | S26: =O26-AI26 -> 0.01187063 | V26: 新常青十一小区店 | W26: =W6/W16 -> 10.311517 | X26: =X6/X16 -> 11.803701 | Y26: =Y6/Y16 -> 10.772671 | Z26: =Z6/Z16 -> 10.456415 | AA26: =AA6/AA16 -> 10.700467 | AB26: =AB6/AB16 -> 10.645379 | AC26: =AC6/AC16 -> 10.84329 | AD26: =AD6/AD16 -> 10.951699 | AE26: =AE6/AE16 -> 10.35962 | AF26: 10.594197 | AG26: 10.532478 | AH26: 10.518683 | AI26: =AI6/AI16 -> 10.677155 | AM26: 新常青十一小区店 | AN26: =C26-W26 -> 0.26979921 | AO26: =D26-X26 -> -1.169421 | AP26: =E26-Y26 -> -0.46269351 | AQ26: =F26-Z26 -> 0.058464422 | AR26: =G26-AA26 -> -0.17637202 | AS26: =H26-AB26 -> -0.14456627 | AT26: =I26-AC26 -> -0.2162798 | AU26: =J26-AD26 -> -0.15048655 | ... AZ26: =O26-AI26 -> 0.01187063 | BE26: 新常青十一小区店 | BF26: =W26-C26 -> -0.26979921 | BG26: =X26-D26 -> 1.169421 | BH26: =Y26-E26 -> 0.46269351 | BI26: =Z26-F26 -> -0.058464422 | BJ26: =AA26-G26 -> 0.17637202 | BK26: =AB26-H26 -> 0.14456627 | BL26: =AC26-I26 -> 0.2162798 | BM26: =AD26-J26 -> 0.15048655 | ... BQ26: =AH26-N26 -> -1.0090776 | BR26: =AVERAGE(BF26:BQ26) -> 0.037270142
B27: 新工厂店 | C27: =C7/C17 -> 10.095369 | D27: =D7/D17 -> 9.9842156 | E27: =E7/E17 -> 10.04407 | F27: =F7/F17 -> 9.6873079 | G27: =G7/G17 -> 9.6235826 | H27: =H7/H17 -> 9.5444757 | I27: =I7/I17 -> 9.6650533 | J27: =J7/J17 -> 9.6242298 | K27: =K7/K17 -> 10.151692 | L27: 10.461099 | M27: 10.359068 | N27: 10.933253 | O27: =O7/O17 -> 10.042156 | P27: =N27-M27 -> 0.574185 | Q27: =N27-AH27 -> 0.7419949 | S27: =O27-AI27 -> -0.64862352 | V27: 新工厂店 | W27: =W7/W17 -> 10.064399 | X27: =X7/X17 -> 11.050962 | Y27: =Y7/Y17 -> 10.244162 | Z27: =Z7/Z17 -> 10.357257 | AA27: =AA7/AA17 -> 10.113392 | AB27: =AB7/AB17 -> 11.657219 | AC27: =AC7/AC17 -> 11.912416 | AD27: =AD7/AD17 -> 10.855432 | AE27: =AE7/AE17 -> 10.444386 | AF27: 10.648716 | AG27: 10.516553 | AH27: 10.191258 | AI27: =AI7/AI17 -> 10.690779 | AM27: 新工厂店 | AN27: =C27-W27 -> 0.030969565 | AO27: =D27-X27 -> -1.0667468 | AP27: =E27-Y27 -> -0.20009273 | AQ27: =F27-Z27 -> -0.66994955 | AR27: =G27-AA27 -> -0.48980921 | AS27: =H27-AB27 -> -2.1127435 | AT27: =I27-AC27 -> -2.2473625 | AU27: =J27-AD27 -> -1.2312019 | ... AZ27: =O27-AI27 -> -0.64862352 | BE27: 新工厂店 | BF27: =W27-C27 -> -0.030969565 | BG27: =X27-D27 -> 1.0667468 | BH27: =Y27-E27 -> 0.20009273 | BI27: =Z27-F27 -> 0.66994955 | BJ27: =AA27-G27 -> 0.48980921 | BK27: =AB27-H27 -> 2.1127435 | BL27: =AC27-I27 -> 2.2473625 | BM27: =AD27-J27 -> 1.2312019 | ... BQ27: =AH27-N27 -> -0.7419949 | BR27: =AVERAGE(BF27:BQ27) -> 0.65689479
B28: 光谷华科店 | C28: =C8/C18 -> 11.713092 | D28: =D8/D18 -> 11.436836 | E28: =E8/E18 -> 11.713604 | F28: =F8/F18 -> 11.658467 | G28: =G8/G18 -> 11.628381 | H28: =H8/H18 -> 11.748407 | I28: =I8/I18 -> 11.663621 | J28: =J8/J18 -> 11.898978 | K28: =K8/K18 -> 11.712504 | L28: 12.253801 | M28: 12.151782 | N28: 12.22418 | O28: =O8/O18 -> 11.819827 | P28: =N28-M28 -> 0.072397175 | Q28: =N28-AH28 -> 0.45847018 | S28: =O28-AI28 -> -0.11110956 | V28: 光谷华科店 | W28: =W8/W18 -> 10.475594 | X28: =X8/X18 -> 10.923603 | Y28: =Y8/Y18 -> 10.347678 | Z28: =Z8/Z18 -> 10.321198 | AA28: =AA8/AA18 -> 14.303347 | AB28: =AB8/AB18 -> 16.741959 | AC28: =AC8/AC18 -> 12.245522 | AD28: =AD8/AD18 -> 12.019263 | AE28: =AE8/AE18 -> 11.663625 | AF28: 11.72824 | AG28: 11.679714 | AH28: 11.765709 | AI28: =AI8/AI18 -> 11.930936 | AM28: 光谷华科店 | AN28: =C28-W28 -> 1.2374979 | AO28: =D28-X28 -> 0.51323395 | AP28: =E28-Y28 -> 1.3659264 | AQ28: =F28-Z28 -> 1.3372688 | AR28: =G28-AA28 -> -2.6749659 | AS28: =H28-AB28 -> -4.9935514 | AT28: =I28-AC28 -> -0.58190169 | AU28: =J28-AD28 -> -0.12028564 | ... AZ28: =O28-AI28 -> -0.11110956 | BE28: 光谷华科店 | BF28: =W28-C28 -> -1.2374979 | BG28: =X28-D28 -> -0.51323395 | BH28: =Y28-E28 -> -1.3659264 | BI28: =Z28-F28 -> -1.3372688 | BJ28: =AA28-G28 -> 2.6749659 | BK28: =AB28-H28 -> 4.9935514 | BL28: =AC28-I28 -> 0.58190169 | BM28: =AD28-J28 -> 0.12028564 | ... BQ28: =AH28-N28 -> -0.45847018 | BR28: =AVERAGE(BF28:BQ28) -> 0.20098325
B29: 新华路店 | C29: =C9/C19 -> 9.957815 | D29: =D9/D19 -> 9.7298821 | E29: =E9/E19 -> 9.4580967 | F29: =F9/F19 -> 9.6794325 | G29: =G9/G19 -> 9.7439504 | H29: =H9/H19 -> 10.097997 | I29: =I9/I19 -> 10.305703 | J29: =J9/J19 -> 10.468383 | K29: =K9/K19 -> 9.8455209 | L29: 10.491011 | M29: 10.463348 | N29: 10.520506 | O29: =O9/O19 -> 10.073557 | P29: =N29-M29 -> 0.057158615 | Q29: =N29-AH29 -> 0.5629163 | S29: =O29-AI29 -> 0.10288099 | V29: 新华路店 | W29: =W9/W19 -> 10.153394 | X29: =X9/X19 -> 10.413688 | Y29: =Y9/Y19 -> 9.7514026 | Z29: =Z9/Z19 -> 9.6968427 | AA29: =AA9/AA19 -> 9.8000971 | AB29: =AB9/AB19 -> 9.9275388 | AC29: =AC9/AC19 -> 10.090429 | AD29: =AD9/AD19 -> 10.228376 | AE29: =AE9/AE19 -> 9.7058829 | AF29: 10.136681 | AG29: 9.9454454 | AH29: 9.9575901 | AI29: =AI9/AI19 -> 9.9706761 | AM29: 新华路店 | AN29: =C29-W29 -> -0.19557948 | AO29: =D29-X29 -> -0.68380631 | AP29: =E29-Y29 -> -0.29330588 | AQ29: =F29-Z29 -> -0.017410256 | AR29: =G29-AA29 -> -0.05614676 | AS29: =H29-AB29 -> 0.17045782 | AT29: =I29-AC29 -> 0.21527345 | AU29: =J29-AD29 -> 0.24000718 | ... AZ29: =O29-AI29 -> 0.10288099 | BE29: 新华路店 | BF29: =W29-C29 -> 0.19557948 | BG29: =X29-D29 -> 0.68380631 | BH29: =Y29-E29 -> 0.29330588 | BI29: =Z29-F29 -> 0.017410256 | BJ29: =AA29-G29 -> 0.05614676 | BK29: =AB29-H29 -> -0.17045782 | BL29: =AC29-I29 -> -0.21527345 | BM29: =AD29-J29 -> -0.24000718 | ... BQ29: =AH29-N29 -> -0.5629163 | BR29: =AVERAGE(BF29:BQ29) -> -0.079523045
B30: 合计 | C30: =C10/C20 -> 10.659744 | D30: =D10/D20 -> 10.502333 | E30: =E10/E20 -> 10.504848 | F30: =F10/F20 -> 10.445439 | G30: =G10/G20 -> 10.448054 | H30: =H10/H20 -> 10.562462 | I30: =I10/I20 -> 10.624523 | J30: =J10/J20 -> 10.811781 | ... O30: =O10/O20 -> 10.704497 | P30: =N30-M30 -> 0.20580675 | Q30: =N30-AH30 -> 0.51834658 | S30: =O30-AI30 -> -0.032761414 | V30: 合计 | W30: =W10/W20 -> 10.112213 | X30: =X10/X20 -> 10.819109 | Y30: =Y10/Y20 -> 10.087748 | Z30: =Z10/Z20 -> 10.033607 | AA30: =AA10/AA20 -> 11.10775 | AB30: =AB10/AB20 -> 11.934496 | AC30: =AC10/AC20 -> 10.998554 | AD30: =AD10/AD20 -> 11.044719 | ... AI30: =AI10/AI20 -> 10.737258 | AM30: 合计 | AN30: =C30-W30 -> 0.54753162 | AO30: =D30-X30 -> -0.31677627 | AP30: =E30-Y30 -> 0.41710001 | AQ30: =F30-Z30 -> 0.41183171 | AR30: =G30-AA30 -> -0.65969679 | AS30: =H30-AB30 -> -1.3720341 | AT30: =I30-AC30 -> -0.37403169 | AU30: =J30-AD30 -> -0.23293858 | ... AZ30: =O30-AI30 -> -0.032761414 | BE30: 合计 | BF30: =W30-C30 -> -0.54753162 | BG30: =X30-D30 -> 0.31677627 | BH30: =Y30-E30 -> -0.41710001 | BI30: =Z30-F30 -> -0.41183171 | BJ30: =AA30-G30 -> 0.65969679 | BK30: =AB30-H30 -> 1.3720341 | BL30: =AC30-I30 -> 0.37403169 | BM30: =AD30-J30 -> 0.23293858 | ... BQ30: =AH30-N30 -> -0.51834658 | BR30: =AVERAGE(BF30:BQ30) -> 0.045904606

Sheet 25年新店营业额环比分析
B2: 市场2025年新店营业额统计 | T2: 市场2024年营业额统计
B3: 直营门店 | C3: 1月 | D3: 2月 | E3: 3月 | F3: 4月 | G3: 5月 | H3: 6月 | I3: 7月 | J3: 8月 | K3: 9月 | L3: 10月 | M3: 11月 | N3: 12月 | O3: 合计 | P3: 12月日均环比11月 | Q3: 12月日均环比11月日均 | R3: 12月同比 | T3: 直营门店 | U3: 1月 | V3: 2月 | W3: 3月 | X3: 4月 | Y3: 5月 | Z3: 6月 | AA3: 7月 | AB3: 8月 | AC3: 9月 | AD3: 10月 | AE3: 11月 | AF3: 12月 | AG3: 合计
B5: 铁机路店 | D5: 100046.3 | E5: 155780.9 | F5: 142137 | G5: 146108.97 | H5: 132483.6 | I5: 149499.94 | J5: 165453.41 | K5: 138580.53 | L5: 168507.58 | M5: 154397.71 | N5: 181054.89 | O5: =SUM(C5:N5) -> 1634050.8 | P5: =(N5/31-M5/30)/(M5/30) -> 0.13482518 | Q5: =N5/31-M5/30 -> 693.88999 | AG5: =SUM(U5:AF5) -> 0
B6: 蔡甸中百店 | C6: 81907.68 | D6: 74101.59 | E6: 71806.2 | F6: 69853.38 | G6: 80565.41 | H6: 75347.44 | I6: 84769.78 | J6: 87358.71 | K6: 88786.64 | L6: 101017.03 | M6: 100960.95 | N6: 120447.8 | O6: =SUM(C6:N6) -> 1036922.6 | P6: =(N6/31-M6/30)/(M6/30) -> 0.15452942 | Q6: =N6/31-M6/30 -> 520.0479 | R6: =N6/31-AF6/31 -> 909.54194 | AE6: 105369.3 | AF6: 92252 | AG6: =SUM(U6:AF6) -> 197621.3
B7: 东辉花园店 | E7: 41818.6 | F7: 127459 | G7: 115459.74 | H7: 124882.46 | I7: 147010.74 | J7: 135766.6 | K7: 110654.46 | L7: 119567.89 | M7: 112993.01 | N7: 138818.92 | O7: =SUM(C7:N7) -> 1174431.4 | P7: =(N7/31-M7/30)/(M7/30) -> 0.18893098 | Q7: =N7/31-M7/30 -> 711.59601 | AG7: =SUM(U7:AF7) -> 0
B8: 合计 | C8: =SUM(C5:C7) -> 81907.68 | D8: =SUM(D5:D7) -> 174147.89 | E8: =SUM(E5:E7) -> 269405.7 | F8: =SUM(F5:F7) -> 339449.38 | G8: =SUM(G5:G7) -> 342134.12 | H8: =SUM(H5:H7) -> 332713.5 | I8: =SUM(I5:I7) -> 381280.46 | J8: =SUM(J5:J7) -> 388578.72 | ... O8: =SUM(O5:O7) -> 3845404.9 | P8: =(N8/31-M8/30)/(M8/30) -> 0.15682301 | Q8: =N8/31-M8/30 -> 1925.5339 | T8: 合计 | U8: =SUM(U5:U7) -> 0 | V8: =SUM(V5:V7) -> 0 | W8: =SUM(W5:W7) -> 0 | X8: =SUM(X5:X7) -> 0 | Y8: =SUM(Y5:Y7) -> 0 | Z8: =SUM(Z5:Z7) -> 0 | AA8: =SUM(AA5:AA7) -> 0 | AB8: =SUM(AB5:AB7) -> 0 | ... AG8: =SUM(AG5:AG7) -> 197621.3
C9: 10000 | O9: =O8/C9 -> 384.54049
B10: 市场2025年新店TC统计 | T10: 市场2024年TC统计
B11: 直营门店 | C11: 1月 | D11: 2月 | E11: 3月 | F11: 4月 | G11: 5月 | H11: 6月 | I11: 7月 | J11: 8月 | K11: 9月 | L11: 10月 | M11: 11月 | N11: 12月 | O11: 合计 | P11: 12月日均环比11月 | Q11: 12月日均环比11月日均 | R11: 12月同比 | T11: 直营门店 | U11: 1月 | V11: 2月 | W11: 3月 | X11: 4月 | Y11: 5月 | Z11: 6月 | AA11: 7月 | AB11: 8月 | AC11: 9月 | AD11: 10月 | AE11: 11月 | AF11: 12月 | AG11: 合计
B13: 铁机路店 | D13: 11031 | E13: 16699 | F13: 15057 | G13: 15635 | H13: 14088 | I13: 15390 | J13: 17420 | K13: 15386 | L13: 17644 | M13: 16481 | N13: 19011 | O13: =SUM(C13:N13) -> 173842 | P13: =(N13/31-M13/30)/(M13/30) -> 0.1163001 | Q13: =N13/31-M13/30 -> 63.891398 | AG13: =SUM(U13:AF13) -> 0
B14: 蔡甸中百店 | C14: 9977 | D14: 9532 | E14: 9150 | F14: 8784 | G14: 9600 | H14: 8774 | I14: 9673 | J14: 9959 | K14: 10271 | L14: 11244 | M14: 11090 | N14: 12735 | O14: =SUM(C14:N14) -> 120789 | P14: =(N14/31-M14/30)/(M14/30) -> 0.11128887 | Q14: =N14/31-M14/30 -> 41.139785 | R14: =N14/31-AF14/31 -> 42.290323 | AE14: 11983 | AF14: 11424 | AG14: =SUM(U14:AF14) -> 23407
B15: 东辉花园店 | E15: 4374 | F15: 12463 | G15: 11248 | H15: 11659 | I15: 14095 | J15: 12587 | K15: 10681 | L15: 10796 | M15: 10313 | N15: 12806 | O15: =SUM(C15:N15) -> 111022 | P15: =(N15/31-M15/30)/(M15/30) -> 0.20167781 | Q15: =N15/31-M15/30 -> 69.330108 | AG15: =SUM(U15:AF15) -> 0
B16: 合计 | C16: =SUM(C13:C15) -> 9977 | D16: =SUM(D13:D15) -> 20563 | E16: =SUM(E13:E15) -> 30223 | F16: =SUM(F13:F15) -> 36304 | G16: =SUM(G13:G15) -> 36483 | H16: =SUM(H13:H15) -> 34521 | I16: =SUM(I13:I15) -> 39158 | J16: =SUM(J13:J15) -> 39966 | ... O16: =SUM(O13:O15) -> 405653 | P16: =(N16/31-M16/30)/(M16/30) -> 0.13807514 | Q16: =N16/31-M16/30 -> 174.36129 | T16: 合计 | U16: =SUM(U13:U15) -> 0 | V16: =SUM(V13:V15) -> 0 | W16: =SUM(W13:W15) -> 0 | X16: =SUM(X13:X15) -> 0 | Y16: =SUM(Y13:Y15) -> 0 | Z16: =SUM(Z13:Z15) -> 0 | AA16: =SUM(AA13:AA15) -> 0 | AB16: =SUM(AB13:AB15) -> 0 | ... AG16: =SUM(AG13:AG15) -> 23407
B18: 市场2025年新店AC统计 | T18: 市场2024年AC统计
B19: 直营门店 | C19: 1月 | D19: 2月 | E19: 3月 | F19: 4月 | G19: 5月 | H19: 6月 | I19: 7月 | J19: 8月 | K19: 9月 | L19: 10月 | M19: 11月 | N19: 12月 | O19: 合计 | P19: 12月日均环比11月日均 | T19: 直营门店 | U19: 1月 | V19: 2月 | W19: 3月 | X19: 4月 | Y19: 5月 | Z19: 6月 | AA19: 7月 | AB19: 8月 | AC19: 9月 | AD19: 10月 | AE19: 11月 | AF19: 12月 | AG19: 合计
B21: 铁机路店 | D21: =D5/D13 -> 9.0695585 | E21: =E5/E13 -> 9.3287562 | F21: =F5/F13 -> 9.4399283 | G21: =G5/G13 -> 9.3449933 | H21: =H5/H13 -> 9.4040034 | I21: =I5/I13 -> 9.7140962 | J21: =J5/J13 -> 9.4978995 | K21: =K5/K13 -> 9.0069238 | L21: 9.5504183 | M21: 9.3682246 | N21: 9.523691 | O21: =O5/O13 -> 9.399632 | P21: =N21-M21 -> 0.1554664 | U21: =U5/U13 -> #DIV/0! | V21: =V5/V13 -> #DIV/0! | W21: =W5/W13 -> #DIV/0! | X21: =X5/X13 -> #DIV/0! | Y21: =Y5/Y13 -> #DIV/0! | Z21: =Z5/Z13 -> #DIV/0! | AA21: =AA5/AA13 -> #DIV/0! | AB21: =AB5/AB13 -> #DIV/0! | AC21: =AC5/AC13 -> #DIV/0! | AG21: =AVERAGE(U21:AF21) -> #DIV/0!
B22: 蔡甸中百店 | C22: =C6/C14 -> 8.2096502 | D22: =D6/D14 -> 7.7739813 | E22: =E6/E14 -> 7.8476721 | F22: =F6/F14 -> 7.9523429 | G22: =G6/G14 -> 8.3922302 | H22: =H6/H14 -> 8.5875815 | I22: =I6/I14 -> 8.763546 | J22: =J6/J14 -> 8.7718355 | K22: =K6/K14 -> 8.6444007 | L22: 8.9840831 | M22: 9.1037827 | N22: 9.4580133 | O22: =O6/O14 -> 8.5845781 | P22: =N22-M22 -> 0.35423066 | U22: =U6/U14 -> #DIV/0! | V22: =V6/V14 -> #DIV/0! | W22: =W6/W14 -> #DIV/0! | X22: =X6/X14 -> #DIV/0! | Y22: =Y6/Y14 -> #DIV/0! | Z22: =Z6/Z14 -> #DIV/0! | AA22: =AA6/AA14 -> #DIV/0! | AB22: =AB6/AB14 -> #DIV/0! | AC22: =AC6/AC14 -> #DIV/0! | AE22: 8.7932321 | AF22: 8.0752801 | AG22: =AG6/AG14 -> 8.4428291
B23: 东辉花园店 | E23: =E7/E15 -> 9.5607225 | F23: =F7/F15 -> 10.226992 | G23: =G7/G15 -> 10.264913 | H23: =H7/H15 -> 10.71125 | I23: =I7/I15 -> 10.429992 | J23: =J7/J15 -> 10.786256 | K23: =K7/K15 -> 10.359934 | L23: 11.075203 | M23: 10.956367 | N23: 10.521178 | O23: =O7/O15 -> 10.578367 | P23: =N23-M23 -> -0.43518916 | U23: =U7/U15 -> #DIV/0! | V23: =V7/V15 -> #DIV/0! | W23: =W7/W15 -> #DIV/0! | X23: =X7/X15 -> #DIV/0! | Y23: =Y7/Y15 -> #DIV/0! | Z23: =Z7/Z15 -> #DIV/0! | AA23: =AA7/AA15 -> #DIV/0! | AB23: =AB7/AB15 -> #DIV/0! | AC23: =AC7/AC15 -> #DIV/0! | AG23: =AVERAGE(U23:AF23) -> #DIV/0!
B24: 合计 | C24: =C8/C16 -> 8.2096502 | D24: =D8/D16 -> 8.4689924 | E24: =E8/E16 -> 8.9139298 | F24: =F8/F16 -> 9.3501923 | G24: =G8/G16 -> 9.3779053 | H24: =H8/H16 -> 9.638003 | I24: =I8/I16 -> 9.7369748 | J24: =J8/J16 -> 9.7227323 | ... O24: =O8/O16 -> 9.4795425 | P24: =N24-M24 -> 0.16017241 | T24: 合计 | U24: =U8/U16 -> #DIV/0! | V24: =V8/V16 -> #DIV/0! | W24: =W8/W16 -> #DIV/0! | X24: =X8/X16 -> #DIV/0! | Y24: =Y8/Y16 -> #DIV/0! | Z24: =Z8/Z16 -> #DIV/0! | AA24: =AA8/AA16 -> #DIV/0! | AB24: =AB8/AB16 -> #DIV/0! | AC24: =AC8/AC16 -> #DIV/0! | AG24: =AVERAGE(U24:AF24) -> #DIV/0!

Sheet 2025年分渠道营业额
A1: 序号 | B1: 经营方式 | C1: 选址类型 | D1: 直营门店 | E1: 堂食营业额 | F1: 堂食TC | G1: 堂食AC | H1: 堂食优惠金额 | I1: 外卖营业额 | J1: 外卖TC | K1: 外卖AC | L1: 外卖优惠金额 | M1: 美团外卖营业额 | N1: 美团TC | O1: 美团AC | P1: 美团优惠金额 | Q1: 饿了么营业额 | R1: 饿了么TC | S1: 饿了么AC | T1: 饿了么优惠金额 | U1: 京东外卖营业额 | V1: 京东TC | W1: 京东AC | X1: 京东优惠金额 | Y1: 总计营业额 | Z1: 堂食营业额占比 | AA1: 外卖营业额占比 | AB1: 美团占比 | AC1: 饿了吗占比 | AD1: 京东占比
A4: 1 | B4: 直营 | C4: 商圈 | D4: 步行街店 | E4: 1424190.4 | F4: 152774 | G4: =E4/F4 -> 9.3222043 | H4: 6366.96 | I4: 0 | J4: 0 | K4: 0 | L4: 0 | O4: 0 | S4: 0 | W4: 0 | Y4: =E4 -> 1424190.4 | Z4: =E4/Y4 -> 1 | AA4: =I4/Y4 -> 0 | AB4: =M4/Y4 -> 0 | AC4: =Q4/Y4 -> 0 | AD4: =U4/Y4 -> 0
A5: 2 | B5: 直营 | C5: 社区 | D5: 新常青十一小区店 | E5: 1549428.5 | F5: 148353 | G5: =E5/F5 -> 10.444201 | H5: 6970.25 | I5: =M5+Q5+U5 -> 147529.15 | J5: =N5+R5+V5 -> 10915 | K5: =I5/J5 -> 13.516184 | L5: =P5+T5+X5 -> 153491.77 | M5: 34635.59 | N5: 2458 | O5: =M5/N5 -> 14.090964 | P5: 37762.71 | Q5: 60484.84 | R5: 4871 | S5: =Q5/R5 -> 12.417335 | T5: 72355.6 | U5: 52408.72 | V5: 3586 | W5: =U5/V5 -> 14.614813 | X5: 43373.46 | Y5: =E5+I5 -> 1696957.7 | Z5: =E5/Y5 -> 0.91306256 | AA5: =I5/Y5 -> 0.086937436 | AB5: =M5/Y5 -> 0.020410403 | AC5: =Q5/Y5 -> 0.035643104 | AD5: =U5/Y5 -> 0.030883929
A6: 3 | B6: 直营 | C6: 写字楼 | D6: 新工厂店 | E6: 2010395.8 | F6: 205286 | G6: =E6/F6 -> 9.793146 | H6: 552.04 | I6: =M6+Q6+U6 -> 189599.52 | J6: =N6+R6+V6 -> 14589 | K6: =I6/J6 -> 12.99606 | L6: =P6+T6+X6 -> 199893.15 | M6: 28280.64 | N6: 1970 | O6: =M6/N6 -> 14.355655 | P6: 30737.36 | Q6: 120726.3 | R6: 10070 | S6: =Q6/R6 -> 11.988709 | T6: 139007 | U6: 40592.58 | V6: 2549 | W6: =U6/V6 -> 15.924904 | X6: 30148.79 | Y6: =E6+I6 -> 2199995.3 | Z6: =E6/Y6 -> 0.91381822 | AA6: =I6/Y6 -> 0.086181785 | AB6: =M6/Y6 -> 0.012854864 | AC6: =Q6/Y6 -> 0.054875709 | AD6: =U6/Y6 -> 0.018451212
A7: 4 | B7: 直营 | C7: 社区 | D7: 铁机路店 | E7: 1408835 | F7: 156488 | G7: =E7/F7 -> 9.002831 | H7: 7244.68 | I7: =M7+Q7+U7 -> 225202.73 | J7: =N7+R7+V7 -> 17909 | K7: =I7/J7 -> 12.574836 | L7: =P7+T7+X7 -> 236370.36 | M7: 46263.07 | N7: 3466 | O7: =M7/N7 -> 13.347683 | P7: 49789.53 | Q7: 77475.48 | R7: 7198 | S7: =Q7/R7 -> 10.763473 | T7: 103254.49 | U7: 101464.18 | V7: 7245 | W7: =U7/V7 -> 14.004718 | X7: 83326.34 | Y7: =E7+I7 -> 1634037.8 | Z7: =E7/Y7 -> 0.86218022 | AA7: =I7/Y7 -> 0.13781978 | AB7: =M7/Y7 -> 0.028312118 | AC7: =Q7/Y7 -> 0.047413519 | AD7: =U7/Y7 -> 0.062094147
A8: 6 | B8: 合伙 | C8: 商圈 | D8: 蔡甸中百店 | E8: 959607.05 | F8: 114921 | G8: =E8/F8 -> 8.3501453 | H8: 3406.15 | I8: =M8+Q8+U8 -> 77370.15 | J8: =N8+R8+V8 -> 6270 | K8: =I8/J8 -> 12.339737 | L8: =P8+T8+X8 -> 85922.72 | M8: 15829.53 | N8: 1182 | O8: =M8/N8 -> 13.392157 | P8: 16790.07 | Q8: 32143.37 | R8: 3004 | S8: =Q8/R8 -> 10.70019 | T8: 43181.38 | U8: 29397.25 | V8: 2084 | W8: =U8/V8 -> 14.106166 | X8: 25951.27 | Y8: =E8+I8 -> 1036977.2 | Z8: =E8/Y8 -> 0.92538876 | AA8: =I8/Y8 -> 0.074611235 | AB8: =M8/Y8 -> 0.01526507 | AC8: =Q8/Y8 -> 0.030997181 | AD8: =U8/Y8 -> 0.028348984
A9: 7 | B9: 合伙 | C9: 商圈 | D9: 光谷华科店 | E9: 5298691 | F9: 451828 | G9: =E9/F9 -> 11.72723 | H9: 45071.87 | I9: =M9+Q9+U9 -> 284280.47 | J9: =N9+R9+V9 -> 21671 | K9: =I9/J9 -> 13.118013 | L9: =P9+T9+X9 -> 312306.25 | M9: 71016.45 | N9: 5006 | O9: =M9/N9 -> 14.186266 | P9: 76967.85 | Q9: 143792.59 | R9: 11820 | S9: =Q9/R9 -> 12.165194 | T9: 175775.76 | U9: 69471.43 | V9: 4845 | W9: =U9/V9 -> 14.338788 | X9: 59562.64 | Y9: =E9+I9 -> 5582971.4 | Z9: =E9/Y9 -> 0.94908079 | AA9: =I9/Y9 -> 0.050919206 | AB9: =M9/Y9 -> 0.012720189 | AC9: =Q9/Y9 -> 0.025755566 | AD9: =U9/Y9 -> 0.012443451
A10: 8 | B10: 合伙 | C10: 社区 | D10: 新华路店 | E10: 2346381 | F10: 244713 | G10: =E10/F10 -> 9.5882972 | H10: 14673.73 | I10: =M10+Q10+U10 -> 407120.57 | J10: =N10+R10+V10 -> 29394 | K10: =I10/J10 -> 13.850465 | L10: =P10+T10+X10 -> 422011.77 | M10: 163281.47 | N10: 11085 | O10: =M10/N10 -> 14.729948 | P10: 167755.23 | Q10: 145707.3 | R10: 11746 | S10: =Q10/R10 -> 12.404844 | T10: 175841.29 | U10: 98131.8 | V10: 6563 | W10: =U10/V10 -> 14.952278 | X10: 78415.25 | Y10: =E10+I10 -> 2753501.5 | Z10: =E10/Y10 -> 0.85214442 | AA10: =I10/Y10 -> 0.14785558 | AB10: =M10/Y10 -> 0.059299575 | AC10: =Q10/Y10 -> 0.052917094 | AD10: =U10/Y10 -> 0.035638912
A11: 9 | B11: 合伙 | C11: 社区 | D11: 东辉花园店 | E11: 965479.06 | F11: 94734 | G11: =E11/F11 -> 10.191474 | H11: 22397.24 | I11: =M11+Q11+U11 -> 208952.36 | J11: =N11+R11+V11 -> 16604 | K11: =I11/J11 -> 12.584459 | L11: =P11+T11+X11 -> 214423.78 | M11: 38119.01 | N11: 2728 | O11: =M11/N11 -> 13.973244 | P11: 38824.79 | Q11: 84910.67 | R11: 7891 | S11: =Q11/R11 -> 10.760445 | T11: 108217.01 | U11: 85922.68 | V11: 5985 | W11: =U11/V11 -> 14.356338 | X11: 67381.98 | Y11: =E11+I11 -> 1174431.4 | Z11: =E11/Y11 -> 0.82208211 | AA11: =I11/Y11 -> 0.17791789 | AB11: =M11/Y11 -> 0.032457417 | AC11: =Q11/Y11 -> 0.072299386 | AD11: =U11/Y11 -> 0.073161088
A12: 总计 | E12: =SUM(E4:E11) -> 15963008 | F12: =SUM(F4:F11) -> 1569097 | G12: =E12/F12 -> 10.173372 | H12: =SUM(H4:H11) -> 106682.92 | I12: =SUM(I4:I11) -> 1540054.9 | J12: =SUM(J4:J11) -> 117352 | K12: =I12/J12 -> 13.123381 | L12: =P12+T12+X12 -> 1624419.8 | M12: =SUM(M4:M11) -> 397425.76 | N12: =SUM(N4:N11) -> 27895 | O12: =M12/N12 -> 14.247204 | P12: =SUM(P4:P11) -> 418627.54 | Q12: =SUM(Q4:Q11) -> 665240.55 | R12: =SUM(R4:R11) -> 56600 | S12: =Q12/R12 -> 11.753367 | T12: =SUM(T4:T11) -> 817632.53 | U12: =SUM(U4:U11) -> 477388.64 | V12: =SUM(V4:V11) -> 32857 | W12: =U12/V12 -> 14.529283 | X12: =SUM(X4:X11) -> 388159.73 | Y12: =SUM(Y4:Y11) -> 17503063 | Z12: =E12/Y12 -> 0.91201226 | AA12: =I12/Y12 -> 0.087987741 | AB12: =M12/Y12 -> 0.02270607 | AC12: =Q12/Y12 -> 0.038007094 | AD12: =U12/Y12 -> 0.027274577

Sheet 2025年12月 堂食&外卖销售统计
A1: 序号 | B1: 经营方式 | C1: 选址类型 | D1: 直营门店 | E1: 堂食营业额 | F1: 堂食TC | G1: 堂食AC | H1: 堂食优惠金额 | I1: 外卖营业额 | J1: 外卖TC | K1: 外卖AC | L1: 外卖优惠金额 | M1: 美团外卖营业额 | N1: 美团TC | O1: 美团AC | P1: 美团优惠金额 | Q1: 饿了么营业额 | R1: 饿了么TC | S1: 饿了么AC | T1: 饿了么优惠金额 | U1: 京东外卖营业额 | V1: 京东TC | W1: 京东AC | X1: 京东优惠金额 | Y1: 总计营业额 | Z1: 堂食营业额占比 | AA1: 外卖营业额占比 | AB1: 美团占比 | AC1: 饿了吗占比 | AD1: 京东占比
A4: 1 | B4: 直营 | C4: 商圈 | D4: 步行街店 | E4: 149046.9 | F4: 15976 | G4: =E4/F4 -> 9.3294254 | H4: 1322.7 | I4: 0 | J4: 0 | K4: 0 | L4: 0 | M4: 0 | N4: 0 | O4: 0 | P4: 0 | Q4: 0 | R4: 0 | S4: 0 | T4: 0 | U4: 0 | V4: 0 | W4: 0 | X4: 0 | Y4: =E4 -> 149046.9 | Z4: =E4/Y4 -> 1 | AA4: =I4/Y4 -> 0 | AB4: =M4/Y4 -> 0 | AC4: =Q4/Y4 -> 0 | AD4: =U4/Y4 -> 0
A5: 2 | B5: 直营 | C5: 社区 | D5: 新常青十一小区店 | E5: 128437.52 | F5: 12342 | G5: =E5/F5 -> 10.40654 | H5: 101.58 | I5: =M5+Q5+U5 -> 48986.24 | J5: =N5+R5+V5 -> 3560 | K5: =I5/J5 -> 13.76018 | L5: =P5+T5+X5 -> 46584.06 | M5: 8216.79 | N5: 582 | O5: =M5/N5 -> 14.118196 | P5: 8499.61 | Q5: 11535.19 | R5: 1001 | S5: =Q5/R5 -> 11.523666 | T5: 13224.85 | U5: 29234.26 | V5: 1977 | W5: =U5/V5 -> 14.787183 | X5: 24859.6 | Y5: =E5+I5 -> 177423.76 | Z5: =E5/Y5 -> 0.72390259 | AA5: =I5/Y5 -> 0.27609741 | AB5: =M5/Y5 -> 0.046311666 | AC5: =Q5/Y5 -> 0.065014911 | AD5: =U5/Y5 -> 0.16477083
A6: 3 | B6: 直营 | C6: 写字楼 | D6: 新工厂店 | E6: 169114.78 | F6: 17274 | G6: =E6/F6 -> 9.7901343 | H6: 26.82 | I6: =M6+Q6+U6 -> 79266.87 | J6: =N6+R6+V6 -> 6244 | K6: =I6/J6 -> 12.694886 | L6: =P6+T6+X6 -> 77097.3 | M6: 10763.98 | N6: 716 | O6: =M6/N6 -> 15.033492 | P6: 11069.12 | Q6: 32753.51 | R6: 3280 | S6: =Q6/R6 -> 9.9858262 | T6: 39530.99 | U6: 35749.38 | V6: 2248 | W6: =U6/V6 -> 15.902749 | X6: 26497.19 | Y6: =E6+I6 -> 248381.65 | Z6: =E6/Y6 -> 0.68086664 | AA6: =I6/Y6 -> 0.31913336 | AB6: =M6/Y6 -> 0.043336454 | AC6: =Q6/Y6 -> 0.13186767 | AD6: =U6/Y6 -> 0.14392923
A7: 4 | B7: 直营 | C7: 社区 | D7: 铁机盛世家园店 | E7: 128157.03 | F7: 15121 | G7: =E7/F7 -> 8.4754335 | H7: 33.57 | I7: =M7+Q7+U7 -> 52886.05 | J7: =N7+R7+V7 -> 4445 | K7: =I7/J7 -> 11.897874 | L7: =P7+T7+X7 -> 52149.65 | M7: 6664.46 | N7: 615 | O7: =M7/N7 -> 10.83652 | P7: 6537.94 | Q7: 15197.02 | R7: 1660 | S7: =Q7/R7 -> 9.1548313 | T7: 18232.75 | U7: 31024.57 | V7: 2170 | W7: =U7/V7 -> 14.297037 | X7: 27378.96 | Y7: =E7+I7 -> 181043.08 | Z7: =E7/Y7 -> 0.70788141 | AA7: =I7/Y7 -> 0.29211859 | AB7: =M7/Y7 -> 0.036811459 | AC7: =Q7/Y7 -> 0.083941457 | AD7: =U7/Y7 -> 0.17136568
A8: 6 | B8: 合伙 | C8: 商圈 | D8: 蔡甸中百店 | E8: 85152.35 | F8: 10302 | G8: =E8/F8 -> 8.2656135 | H8: 227.05 | I8: =M8+Q8+U8 -> 35295.45 | J8: =N8+R8+V8 -> 2838 | K8: =I8/J8 -> 12.436734 | L8: =P8+T8+X8 -> 36431.43 | M8: 4036.25 | N8: 302 | O8: =M8/N8 -> 13.365066 | P8: 4366.85 | Q8: 9500.51 | R8: 970 | S8: =Q8/R8 -> 9.7943402 | T8: 12299.34 | U8: 21758.69 | V8: 1566 | W8: =U8/V8 -> 13.894438 | X8: 19765.24 | Y8: =E8+I8 -> 120447.8 | Z8: =E8/Y8 -> 0.70696476 | AA8: =I8/Y8 -> 0.29303524 | AB8: =M8/Y8 -> 0.033510367 | AC8: =Q8/Y8 -> 0.078876576 | AD8: =U8/Y8 -> 0.1806483
A9: 7 | B9: 合伙 | C9: 商圈 | D9: 光谷华科店 | E9: 414033.85 | F9: 35580 | G9: =E9/F9 -> 11.636702 | H9: 3012.4 | I9: =M9+Q9+U9 -> 83649.17 | J9: =N9+R9+V9 -> 6383 | K9: =I9/J9 -> 13.104993 | L9: =P9+T9+X9 -> 81587.01 | M9: 15273.75 | N9: 1012 | O9: =M9/N9 -> 15.092638 | P9: 14783.35 | Q9: 26907.42 | R9: 2450 | S9: =Q9/R9 -> 10.98262 | T9: 29811.85 | U9: 41468 | V9: 2921 | W9: =U9/V9 -> 14.196508 | X9: 36991.81 | Y9: =E9+I9 -> 497683.02 | Z9: =E9/Y9 -> 0.8319228 | AA9: =I9/Y9 -> 0.1680772 | AB9: =M9/Y9 -> 0.030689715 | AC9: =Q9/Y9 -> 0.054065377 | AD9: =U9/Y9 -> 0.083322111
A10: 8 | B10: 合伙 | C10: 社区 | D10: 新华路店 | E10: 175506.46 | F10: 18587 | G10: =E10/F10 -> 9.4424307 | H10: 725.94 | I10: =M10+Q10+U10 -> 69453.01 | J10: =N10+R10+V10 -> 5450 | K10: =I10/J10 -> 12.743672 | L10: =P10+T10+X10 -> 69659.4 | M10: 14978.76 | N10: 1085 | O10: =M10/N10 -> 13.805309 | P10: 16319.94 | Q10: 21379.76 | R10: 2075 | S10: =Q10/R10 -> 10.303499 | T10: 24154.57 | U10: 33094.49 | V10: 2290 | W10: =U10/V10 -> 14.451742 | X10: 29184.89 | Y10: =E10+I10 -> 244959.47 | Z10: =E10/Y10 -> 0.71647142 | AA10: =I10/Y10 -> 0.28352858 | AB10: =M10/Y10 -> 0.061147912 | AC10: =Q10/Y10 -> 0.087278765 | AD10: =U10/Y10 -> 0.1351019
A11: 9 | B11: 合伙 | C11: 社区 | D11: 东辉花园店 | E11: 90632.77 | F11: 8869 | G11: =E11/F11 -> 10.219052 | H11: 127.33 | I11: =M11+Q11+U11 -> 48186.15 | J11: =N11+R11+V11 -> 4253 | K11: =I11/J11 -> 11.32992 | L11: =P11+T11+X11 -> 49401.58 | M11: 4696.59 | N11: 343 | O11: =M11/N11 -> 13.692682 | P11: 5153.71 | Q11: 20084.11 | R11: 2260 | S11: =Q11/R11 -> 8.8867743 | T11: 23415.72 | U11: 23405.45 | V11: 1650 | W11: =U11/V11 -> 14.185121 | X11: 20832.15 | Y11: =E11+I11 -> 138818.92 | Z11: =E11/Y11 -> 0.65288485 | AA11: =I11/Y11 -> 0.34711515 | AB11: =M11/Y11 -> 0.033832492 | AC11: =Q11/Y11 -> 0.14467848 | AD11: =U11/Y11 -> 0.16860418
A12: 总计 | E12: =SUM(E4:E11) -> 1340081.7 | F12: =SUM(F4:F11) -> 134051 | G12: =E12/F12 -> 9.9968046 | H12: =SUM(H4:H11) -> 5577.39 | I12: =SUM(I4:I11) -> 417722.94 | J12: =SUM(J4:J11) -> 33173 | K12: =I12/J12 -> 12.592257 | L12: =P12+T12+X12 -> 412910.43 | M12: =SUM(M4:M11) -> 64630.58 | N12: =SUM(N4:N11) -> 4655 | O12: =M12/N12 -> 13.88412 | P12: =SUM(P4:P11) -> 66730.52 | Q12: =SUM(Q4:Q11) -> 137357.52 | R12: =SUM(R4:R11) -> 13696 | S12: =Q12/R12 -> 10.029025 | T12: =SUM(T4:T11) -> 160670.07 | U12: =SUM(U4:U11) -> 215734.84 | V12: =SUM(V4:V11) -> 14822 | W12: =U12/V12 -> 14.555043 | X12: =SUM(X4:X11) -> 185509.84 | Y12: =SUM(Y4:Y11) -> 1757804.6 | Z12: =E12/Y12 -> 0.76236099 | AA12: =I12/Y12 -> 0.23763901 | AB12: =M12/Y12 -> 0.036767784 | AC12: =Q12/Y12 -> 0.078141518 | AD12: =U12/Y12 -> 0.1227297

Sheet 2025年区域门店销售部类分析
A1: 2025年市场部类营业额统计表
A2: 店型 | B2: 门店名称 | C2: 部类 | D2: 1月 | F2: 2月 | H2: 3月 | J2: 4月 | L2: 5月 | N2: 6月 | P2: 7月 | R2: 8月 | T2: 9月 | V2: 10月 | X2: 11月 | Z2: 12月 | AB2: 合计 | AD2: 12月vs11月日均 | AE2: 12月vs11月日均 | AF2: 年销售量占比 | AG2: 年销售额占比
D3: 销售数量 | E3: 销售额 | F3: 销售数量 | G3: 销售额 | H3: 销售数量 | I3: 销售额 | J3: 销售数量 | K3: 销售额 | L3: 销售数量 | M3: 销售额 | N3: 销售数量 | O3: 销售额 | P3: 销售数量 | Q3: 销售额 | R3: 销售数量 | S3: 销售额 | T3: 销售数量 | U3: 销售额 | V3: 销售数量 | W3: 销售额 | X3: 销售数量 | Y3: 销售额 | Z3: 销售数量 | AA3: 销售额 | AB3: 销售数量 | AC3: 销售额 | AD3: 销售量环比 | AE3: 销售额环比 | AH3: 粉面 | AI3: 小吃 | AJ3: 饮品 | AK3: 米饭
A4: 小型 | B4: 步行街店 | C4: 小吃类 | D4: 7315 | E4: 23573.74 | F4: 7045 | G4: 21686.35 | H4: 8003 | I4: 24957.5 | J4: 7120 | K4: 21652.5 | L4: 7668 | M4: 23757.35 | N4: 7059 | O4: 22296.93 | P4: 8178 | Q4: 26554.86 | R4: 6605 | S4: 20490.61 | T4: 6407 | U4: 19144.39 | V4: 6372 | W4: 19266.75 | X4: 5942 | Y4: 17030.71 | Z4: 7150 | AA4: 20254.86 | AB4: =D4+F4+H4+J4+L4+N4+P4+R4+T4+V4+X4+Z4 -> 84864 | AC4: =E4+G4+I4+K4+M4+O4+Q4+S4+U4+W4+Y4+AA4 -> 260666.55 | AD4: =Z4/31-X4/30 -> 32.578495 | AE4: =AA4/31-Y4/30 -> 85.692247 | AF4: =AB4/SUM($AB$4:$AB$14) -> 0.32394673 | AG4: =AC4/SUM($AC$4:$AC$14) -> 0.18302788 | AI4: =AG4 -> 0.18302788 | AJ4: =AG7 -> 0.072024988 | AK4: =AG10+AG13 -> 0.060244773
C5: 热干系列 | D5: 6720 | E5: 46620.21 | F5: 6970 | G5: 48608.21 | H5: 7308 | I5: 50636 | J5: 6963 | K5: 49050 | L5: 7029 | M5: 50234.87 | N5: 5915 | O5: 42225.75 | P5: 6810 | Q5: 48605.85 | R5: 5525 | S5: 40200.88 | T5: 5327 | U5: 37516.56 | V5: 5079 | W5: 35409.59 | X5: 2640 | Y5: 16944.37 | Z5: 4150 | AA5: 30292.14 | AB5: =D5+F5+H5+J5+L5+N5+P5+R5+T5+V5+X5+Z5 -> 70436 | AC5: =E5+G5+I5+K5+M5+O5+Q5+S5+U5+W5+Y5+AA5 -> 496344.43 | AD5: =Z5/31-X5/30 -> 45.870968 | AE5: =AA5/31-Y5/30 -> 412.35347 | AF5: =AB5/SUM($AB$4:$AB$14) -> 0.26887151 | AG5: =AC5/SUM($AC$4:$AC$14) -> 0.34850987 | AH5: =AG5+AG6+AG11 -> 0.43981798
C6: 汤粉面 | X6: =230+2433 -> 2663 | Y6: =1610+18719.47 -> 20329.47 | Z6: 2579 | AA6: 17513.49 | AB6: =D6+F6+H6+J6+L6+N6+P6+R6+T6+V6+X6+Z6 -> 5242 | AC6: =E6+G6+I6+K6+M6+O6+Q6+S6+U6+W6+Y6+AA6 -> 37842.96 | AD6: =Z6/31-X6/30 -> -5.5731183 | AE6: =AA6/31-Y6/30 -> -112.69771 | AF6: =AB6/SUM($AB$4:$AB$14) -> 0.020010001 | AG6: =AC6/SUM($AC$4:$AC$14) -> 0.026571559
C7: 甜品类 | D7: 3114 | E7: 8967.77 | F7: 2749 | G7: 7933.61 | H7: 3138 | I7: 8944.5 | J7: 3029 | K7: 8693 | L7: 3391 | M7: 9897.7 | N7: 2707 | O7: 7847.27 | P7: 4128 | Q7: 12173.43 | R7: 3247 | S7: 9546.85 | T7: 2369 | U7: 6921.58 | V7: 2224 | W7: 6411.44 | X7: 2372 | Y7: 6886.6 | Z7: 2906 | AA7: 8353.55 | AB7: =D7+F7+H7+J7+L7+N7+P7+R7+T7+V7+X7+Z7 -> 35374 | AC7: =E7+G7+I7+K7+M7+O7+Q7+S7+U7+W7+Y7+AA7 -> 102577.3 | AD7: =Z7/31-X7/30 -> 14.675269 | AE7: =AA7/31-Y7/30 -> 39.916022 | AF7: =AB7/SUM($AB$4:$AB$14) -> 0.13503124 | AG7: =AC7/SUM($AC$4:$AC$14) -> 0.072024988
C8: 套餐系列 | D8: 1826 | E8: 14605.91 | F8: 1917 | G8: 15336 | H8: 2111 | I8: 16888 | J8: 2808 | K8: 23531.9 | L8: 3272 | M8: 27403.11 | N8: 2521 | O8: 20996.18 | P8: 3377 | Q8: 28611.01 | R8: 2858 | S8: 23696.46 | T8: 2457 | U8: 19924.27 | V8: 2544 | W8: 20758.72 | X8: 3081 | Y8: 26127.94 | Z8: 4563 | AA8: 38273.14 | AB8: =D8+F8+H8+J8+L8+N8+P8+R8+T8+V8+X8+Z8 -> 33335 | AC8: =E8+G8+I8+K8+M8+O8+Q8+S8+U8+W8+Y8+AA8 -> 276152.64 | AD8: =Z8/31-X8/30 -> 44.493548 | AE8: =AA8/31-Y8/30 -> 363.68609 | AF8: =AB8/SUM($AB$4:$AB$14) -> 0.12724788 | AG8: =AC8/SUM($AC$4:$AC$14) -> 0.19390148
C9: 养生粥类 | D9: 1216 | E9: 3207 | F9: 1025 | G9: 2707 | H9: 1186 | I9: 3128 | J9: 1165 | K9: 3052 | L9: 1179 | M9: 3071.3 | N9: 1063 | O9: 2747.2 | P9: 1103 | Q9: 2798.5 | R9: 1081 | S9: 2737.56 | T9: 1188 | U9: 2970 | V9: 1092 | W9: 2711.68 | X9: 993 | Y9: 2519 | Z9: 874 | AA9: 2144.33 | AB9: =D9+F9+H9+J9+L9+N9+P9+R9+T9+V9+X9+Z9 -> 13165 | AC9: =E9+G9+I9+K9+M9+O9+Q9+S9+U9+W9+Y9+AA9 -> 33793.57 | AD9: =Z9/31-X9/30 -> -4.9064516 | AE9: =AA9/31-Y9/30 -> -14.794731 | AF9: =AB9/SUM($AB$4:$AB$14) -> 0.050254038 | AG9: =AC9/SUM($AC$4:$AC$14) -> 0.023728266
C10: 炒饭类 | D10: 761 | E10: 8013 | F10: 673 | G10: 7130 | H10: 795 | I10: 8112 | J10: 687 | K10: 7111.79 | L10: 636 | M10: 6458.9 | N10: 521 | O10: 5239.84 | P10: 586 | Q10: 6141.71 | R10: 467 | S10: 4903.93 | T10: 513 | U10: 5115.72 | V10: 646 | W10: 6528.9 | X10: 689 | Y10: 6967.71 | Z10: 1104 | AA10: 11902.7 | AB10: =D10+F10+H10+J10+L10+N10+P10+R10+T10+V10+X10+Z10 -> 8078 | AC10: =E10+G10+I10+K10+M10+O10+Q10+S10+U10+W10+Y10+AA10 -> 83626.2 | AD10: =Z10/31-X10/30 -> 12.646237 | AE10: =AA10/31-Y10/30 -> 151.70106 | AF10: =AB10/SUM($AB$4:$AB$14) -> 0.03083571 | AG10: =AC10/SUM($AC$4:$AC$14) -> 0.058718411
C11: 鲜烫系列 | D11: 750 | E11: 10525.44 | F11: 724 | G11: 10140.43 | H11: 701 | I11: 9877 | J11: 471 | K11: 6547.17 | L11: 515 | M11: 7249.58 | N11: 490 | O11: 6937.36 | P11: 418 | Q11: 5930 | R11: 320 | S11: 4527.45 | T11: 477 | U11: 6623.44 | V11: 523 | W11: 7303.03 | X11: 542 | Y11: 7498.38 | Z11: 648 | AA11: 9037.89 | AB11: =D11+F11+H11+J11+L11+N11+P11+R11+T11+V11+X11+Z11 -> 6579 | AC11: =E11+G11+I11+K11+M11+O11+Q11+S11+U11+W11+Y11+AA11 -> 92197.17 | AD11: =Z11/31-X11/30 -> 2.8365591 | AE11: =AA11/31-Y11/30 -> 41.598839 | AF11: =AB11/SUM($AB$4:$AB$14) -> 0.025113658 | AG11: =AC11/SUM($AC$4:$AC$14) -> 0.064736546
C12: 鲜食类 | D12: 226 | E12: 1064 | F12: 172 | G12: 845 | H12: 60 | I12: 270 | J12: 65 | K12: 270 | L12: 79 | M12: 322.38 | N12: 53 | O12: 215.84 | P12: 17 | Q12: 85 | R12: 136 | S12: 646.65 | T12: 30 | U12: 140 | V12: 71 | W12: 345 | X12: 111 | Y12: 532 | Z12: 55 | AA12: 275.8 | AB12: =D12+F12+H12+J12+L12+N12+P12+R12+T12+V12+X12+Z12 -> 1075 | AC12: =E12+G12+I12+K12+M12+O12+Q12+S12+U12+W12+Y12+AA12 -> 5011.67 | AD12: =Z12/31-X12/30 -> -1.9258065 | AE12: =AA12/31-Y12/30 -> -8.8365591 | AF12: =AB12/SUM($AB$4:$AB$14) -> 0.004103539 | AG12: =AC12/SUM($AC$4:$AC$14) -> 0.0035189606
C13: 浇头类 | D13: 94 | E13: 241.5 | F13: 135 | G13: 211 | H13: 115 | I13: 221.5 | J13: 113 | K13: 240.5 | L13: 97 | M13: 241 | N13: 98 | O13: 165.5 | P13: 82 | Q13: 161.33 | R13: 76 | S13: 150 | T13: 46 | U13: 146.5 | V13: 73 | W13: 133.5 | X13: 59 | Y13: 133.5 | Z13: 71 | AA13: 128 | AB13: =D13+F13+H13+J13+L13+N13+P13+R13+T13+V13+X13+Z13 -> 1059 | AC13: =E13+G13+I13+K13+M13+O13+Q13+S13+U13+W13+Y13+AA13 -> 2173.83 | AD13: =Z13/31-X13/30 -> 0.32365591 | AE13: =AA13/31-Y13/30 -> -0.32096774 | AF13: =AB13/SUM($AB$4:$AB$14) -> 0.004042463 | AG13: =AC13/SUM($AC$4:$AC$14) -> 0.0015263619
C14: 盖浇饭 | P14: 116 | Q14: 1333.53 | R14: 373 | S14: 4160.76 | T14: 421 | U14: 4974.2 | V14: 440 | W14: 5277.53 | X14: 569 | Y14: 7187.1 | Z14: 843 | AA14: 10871 | AB14: =D14+F14+H14+J14+L14+N14+P14+R14+T14+V14+X14+Z14 -> 2762 | AC14: =E14+G14+I14+K14+M14+O14+Q14+S14+U14+W14+Y14+AA14 -> 33804.12 | AD14: =Z14/31-X14/30 -> 8.2268817 | AE14: =AA14/31-Y14/30 -> 111.10742 | AF14: =AB14/SUM($AB$4:$AB$14) -> 0.010543232 | AG14: =AC14/SUM($AC$4:$AC$14) -> 0.023735674
B15: 十一小区店 | C15: 小吃类 | D15: 6697 | E15: 21324.9 | F15: 6384 | G15: 20602.49 | H15: 7860 | I15: 25124.61 | J15: 7372 | K15: 24184.11 | L15: 7409 | M15: 24617.44 | N15: 6990 | O15: 23528.83 | P15: 8219 | Q15: 29287.65 | R15: 10414 | S15: 29601.53 | T15: =9353+69+14 -> 9436 | U15: =25267.92+434.67+46.87 -> 25749.46 | V15: =10135+128+609 -> 10872 | W15: =28541.26+807.76+916.61 -> 30265.63 | X15: 12003 | Y15: 27866.25 | Z15: 13035 | AA15: 25183.08 | AB15: =D15+F15+H15+J15+L15+N15+P15+R15+T15+V15+X15+Z15 -> 106691 | AC15: =E15+G15+I15+K15+M15+O15+Q15+S15+U15+W15+Y15+AA15 -> 307335.98 | AD15: =Z15/31-X15/30 -> 20.383871 | AE15: =AA15/31-Y15/30 -> -116.51758 | AF15: =AB15/SUM($AB$15:$AB$27) -> 0.3154849 | AG15: =AC15/SUM($AC$15:$AC$27) -> 0.18134279 | AI15: =AG15 -> 0.18134279 | AJ15: =AG17 -> 0.10240734 | AK15: =AG23+AG20 -> 0.10789769
C16: 热干系列 | D16: 6460 | E16: 44737.25 | F16: 6880 | G16: 47600.56 | H16: 8463 | I16: 57927.4 | J16: 7446 | K16: 51879.5 | L16: 6269 | M16: 45095.75 | N16: 5126 | O16: 37151.93 | P16: 5703 | Q16: 39376.61 | R16: 5793 | S16: 36273.95 | T16: =4955+3 -> 4958 | U16: =30857.91+26.92 -> 30884.83 | V16: =5084+263+85+41+137 -> 5610 | W16: =32205.69+1072.12+850+263.36+742.1 -> 35133.27 | X16: 6127 | Y16: 37668.11 | Z16: 6350 | AA16: 38695.5 | AB16: =D16+F16+H16+J16+L16+N16+P16+R16+T16+V16+X16+Z16 -> 75185 | AC16: =E16+G16+I16+K16+M16+O16+Q16+S16+U16+W16+Y16+AA16 -> 502424.66 | AD16: =Z16/31-X16/30 -> 0.60537634 | AE16: =AA16/31-Y16/30 -> -7.3617312 | AF16: =AB16/SUM($AB$15:$AB$27) -> 0.22232177 | AG16: =AC16/SUM($AC$15:$AC$27) -> 0.29645436 | AH16: =AG16+AG18+AG22 -> 0.45771055
C17: 饮品 | D17: 5385 | E17: 14525.77 | F17: 5288 | G17: 14264.3 | H17: 6469 | I17: 17510.04 | J17: 5872 | K17: 16320.19 | L17: 4954 | M17: 13880.86 | N17: 4204 | O17: 11732.77 | P17: 5375 | Q17: 15259.38 | R17: 5533 | S17: 15080.55 | T17: =4452+1 -> 4453 | U17: =12086.42+2.79 -> 12089.21 | V17: =4851+110 -> 4961 | W17: =13033.74+247.2 -> 13280.94 | X17: 5586 | Y17: 14314.77 | Z17: 5976 | AA17: 15299.05 | AB17: =D17+F17+H17+J17+L17+N17+P17+R17+T17+V17+X17+Z17 -> 64056 | AC17: =E17+G17+I17+K17+M17+O17+Q17+S17+U17+W17+Y17+AA17 -> 173557.83 | AD17: =Z17/31-X17/30 -> 6.5741935 | AE17: =AA17/31-Y17/30 -> 16.358742 | AF17: =AB17/SUM($AB$15:$AB$27) -> 0.18941336 | AG17: =AC17/SUM($AC$15:$AC$27) -> 0.10240734
C18: 汤粉面 | D18: 2176 | E18: 14574.26 | F18: 2073 | G18: 14146.98 | H18: 2474 | I18: 16946.32 | J18: 2070 | K18: 14039.81 | L18: 1844 | M18: 12692.97 | N18: 1766 | O18: 12086.4 | P18: 2197 | Q18: 17075.07 | R18: 3113 | S18: 23530.33 | T18: =2448+221+7 -> 2676 | U18: =19948.9+1437.21+43.63 -> 21429.74 | V18: =2863+101 -> 2964 | W18: =23471.25+735.95 -> 24207.2 | X18: 2918 | Y18: 22768.37 | Z18: 3677 | AA18: 27783.96 | AB18: =D18+F18+H18+J18+L18+N18+P18+R18+T18+V18+X18+Z18 -> 29948 | AC18: =E18+G18+I18+K18+M18+O18+Q18+S18+U18+W18+Y18+AA18 -> 221281.41 | AD18: =Z18/31-X18/30 -> 21.346237 | AE18: =AA18/31-Y18/30 -> 137.31111 | AF18: =AB18/SUM($AB$15:$AB$27) -> 0.088556128 | AG18: =AC18/SUM($AC$15:$AC$27) -> 0.13056652
C19: 活动套餐 | J19: 1589 | K19: 13709.87 | L19: 3483 | M19: 29240 | N19: 2966 | O19: 24517.35 | P19: 3916 | Q19: 33103.56 | R19: 3610 | S19: 30239.63 | T19: =2734+1 -> 2735 | U19: =22369.61+12.84 -> 22382.45 | V19: =2461+4+66+90 -> 2621 | W19: =20504.34+32.83+659.89+1188.47 -> 22385.53 | X19: 2320 | Y19: 21744.95 | Z19: 2340 | AA19: 22239.8 | AB19: =D19+F19+H19+J19+L19+N19+P19+R19+T19+V19+X19+Z19 -> 25580 | AC19: =E19+G19+I19+K19+M19+O19+Q19+S19+U19+W19+Y19+AA19 -> 219563.14 | AD19: =Z19/31-X19/30 -> -1.8494624 | AE19: =AA19/31-Y19/30 -> -7.4187634 | AF19: =AB19/SUM($AB$15:$AB$27) -> 0.075639968 | AG19: =AC19/SUM($AC$15:$AC$27) -> 0.12955266
C20: 炒饭类 | D20: 578 | E20: 5934.48 | F20: 597 | G20: 6068.74 | H20: 731 | I20: 7529.32 | J20: 766 | K20: 7907.71 | L20: 707 | M20: 7003.39 | N20: 636 | O20: 6485.36 | P20: 633 | Q20: 6256.68 | R20: 685 | S20: 6655.91 | T20: =718 -> 718 | U20: =7033.38 -> 7033.38 | V20: =683+27+37 -> 747 | W20: =6813.61+228.08+324.91 -> 7366.6 | X20: 803 | Y20: 7660.17 | Z20: 859 | AA20: 8213.25 | AB20: =D20+F20+H20+J20+L20+N20+P20+R20+T20+V20+X20+Z20 -> 8460 | AC20: =E20+G20+I20+K20+M20+O20+Q20+S20+U20+W20+Y20+AA20 -> 84114.99 | AD20: =Z20/31-X20/30 -> 0.94301075 | AE20: =AA20/31-Y20/30 -> 9.6045484 | AF20: =AB20/SUM($AB$15:$AB$27) -> 0.02501619 | AG20: =AC20/SUM($AC$15:$AC$27) -> 0.04963183
C21: 鲜食类 | D21: 400 | E21: 1979.03 | F21: 160 | G21: 862 | H21: 148 | I21: 750 | J21: 195 | K21: 1110 | L21: 185 | M21: 931.27 | N21: 126 | O21: 620 | P21: 106 | Q21: 492.66 | R21: 155 | S21: 758.33 | T21: =292 -> 292 | U21: =1282.14 -> 1282.14 | V21: 124 | W21: 696 | X21: 134 | Y21: 560.69 | Z21: 246 | AA21: 1142 | AB21: =D21+F21+H21+J21+L21+N21+P21+R21+T21+V21+X21+Z21 -> 2271 | AC21: =E21+G21+I21+K21+M21+O21+Q21+S21+U21+W21+Y21+AA21 -> 11184.12 | AD21: =Z21/31-X21/30 -> 3.4688172 | AE21: =AA21/31-Y21/30 -> 18.149043 | AF21: =AB21/SUM($AB$15:$AB$27) -> 0.0067153388 | AG21: =AC21/SUM($AC$15:$AC$27) -> 0.0065991608
C22: 生烫类 | D22: 292 | E22: 4060.31 | F22: 306 | G22: 4326 | H22: 336 | I22: 4719.17 | J22: 251 | K22: 3533.33 | L22: 291 | M22: 4183.37 | N22: 268 | O22: 3758.95 | P22: 237 | Q22: 3360.41 | R22: 340 | S22: 4269.18 | T22: =311 -> 311 | U22: =4110.67 -> 4110.67 | V22: =294+47 -> 341 | W22: =3999.09+495.26 -> 4494.35 | X22: 424 | Y22: 5221.25 | Z22: 475 | AA22: 5975.22 | AB22: =D22+F22+H22+J22+L22+N22+P22+R22+T22+V22+X22+Z22 -> 3872 | AC22: =E22+G22+I22+K22+M22+O22+Q22+S22+U22+W22+Y22+AA22 -> 52012.21 | AD22: =Z22/31-X22/30 -> 1.1892473 | AE22: =AA22/31-Y22/30 -> 18.707366 | AF22: =AB22/SUM($AB$15:$AB$27) -> 0.01144949 | AG22: =AC22/SUM($AC$15:$AC$27) -> 0.030689669
C23: 盖浇饭 | D23: 211 | E23: 3199.1 | F23: 328 | G23: 4971.31 | H23: 325 | I23: 4928.76 | J23: 319 | K23: 4864 | L23: 397 | M23: 6019.75 | N23: 358 | O23: 5371.76 | P23: 394 | Q23: 5876.82 | R23: 395 | S23: 5657.58 | T23: =469 -> 469 | U23: =6795.79 -> 6795.79 | V23: =457+51 -> 508 | W23: =6703.43+633.99 -> 7337.42 | X23: 1253 | Y23: 17107.46 | Z23: 1930 | AA23: 26618.01 | AB23: =D23+F23+H23+J23+L23+N23+P23+R23+T23+V23+X23+Z23 -> 6887 | AC23: =E23+G23+I23+K23+M23+O23+Q23+S23+U23+W23+Y23+AA23 -> 98747.76 | AD23: =Z23/31-X23/30 -> 20.491398 | AE23: =AA23/31-Y23/30 -> 288.39682 | AF23: =AB23/SUM($AB$15:$AB$27) -> 0.020364834 | AG23: =AC23/SUM($AC$15:$AC$27) -> 0.058265858
C24: 加料类 | D24: 94 | E24: 155 | F24: 117 | G24: 157.48 | H24: 140 | I24: 254 | J24: 163 | K24: 270 | L24: 154 | M24: 336.39 | N24: 216 | O24: 388.88 | P24: 204 | Q24: 525.78 | R24: =594+466 -> 1060 | S24: =22.18+472.45 -> 494.63 | T24: =123 -> 123 | U24: =163.84 -> 163.84 | V24: =175+15+4 -> 194 | W24: =225.91+53.23+18.75 -> 297.89 | X24: 199 | Y24: 312.97 | Z24: 238 | AA24: 436.47 | AB24: =D24+F24+H24+J24+L24+N24+P24+R24+T24+V24+X24+Z24 -> 2902 | AC24: =E24+G24+I24+K24+M24+O24+Q24+S24+U24+W24+Y24+AA24 -> 3793.33 | AD24: =Z24/31-X24/30 -> 1.044086 | AE24: =AA24/31-Y24/30 -> 3.6473441 | AF24: =AB24/SUM($AB$15:$AB$27) -> 0.0085812036 | AG24: =AC24/SUM($AC$15:$AC$27) -> 0.0022382445
C25: 下单福利 | P25: 1 | Q25: 1.99 | R25: 1617 | S25: 3167.38 | T25: =1130 -> 1130 | U25: =2101.35 -> 2101.35 | V25: =563+387 -> 950 | W25: =696.72+1133.26 -> 1829.98 | X25: 0 | Y25: 0 | Z25: 0 | AA25: 0 | AB25: =D25+F25+H25+J25+L25+N25+P25+R25+T25+V25+X25+Z25 -> 3698 | AC25: =E25+G25+I25+K25+M25+O25+Q25+S25+U25+W25+Y25+AA25 -> 7100.7 | AD25: =Z25/31-X25/30 -> 0 | AE25: =AA25/31-Y25/30 -> 0 | AF25: =AB25/SUM($AB$15:$AB$27) -> 0.010934973 | AG25: =AC25/SUM($AC$15:$AC$27) -> 0.0041897495
C26: 餐具小料米饭 | R26: 158 | S26: 6.16 | T26: =316+267+6 -> 589 | U26: =15.57+62.31+2.14 -> 80.02 | V26: =902+205 -> 1107 | W26: =65.59+27.37 -> 92.96 | X26: 2147 | Y26: 140.36 | Z26: 4630 | AA26: 316.39 | AB26: =D26+F26+H26+J26+L26+N26+P26+R26+T26+V26+X26+Z26 -> 8631 | AC26: =E26+G26+I26+K26+M26+O26+Q26+S26+U26+W26+Y26+AA26 -> 635.89 | AD26: =Z26/31-X26/30 -> 77.788172 | AE26: =AA26/31-Y26/30 -> 5.5274624 | AF26: =AB26/SUM($AB$15:$AB$27) -> 0.025521836 | AG26: =AC26/SUM($AC$15:$AC$27) -> 0.00037520523
C27: 外卖餐盒费 | U27: 1581.55 | W27: 2211.38 | X27: =T27+AJ27 -> 0 | Y27: 3713.15 | AA27: 5521.03 | AB27: =D27+F27+H27+J27+L27+N27+P27+R27+T27+V27+X27+Z27 -> 0 | AC27: =E27+G27+I27+K27+M27+O27+Q27+S27+U27+W27+Y27+AA27 -> 13027.11 | AD27: =Z27/31-X27/30 -> 0 | AE27: =AA27/31-Y27/30 -> 54.326075 | AF27: =AB27/SUM($AB$15:$AB$27) -> 0 | AG27: =AC27/SUM($AC$15:$AC$27) -> 0.0076866122
B28: 工厂店 | C28: 热干系列 | D28: 11464 | E28: 67061 | F28: 12557 | G28: 73223 | H28: 13707 | I28: 79352 | J28: 13149 | K28: 76680 | L28: 13567 | M28: 79310.57 | N28: 12546 | O28: 73375.77 | P28: 15066 | Q28: 90316.34 | R28: =1806+13132 -> 14938 | S28: =10089.59+78806.19 -> 88895.78 | T28: =14225 -> 14225 | U28: =84494.17 -> 84494.17 | V28: 12965 | W28: 76044.58 | X28: 8221 | Y28: 45545.36 | Z28: 8675 | AA28: 47538.16 | AB28: =D28+F28+H28+J28+L28+N28+P28+R28+T28+V28+X28+Z28 -> 151080 | AC28: =E28+G28+I28+K28+M28+O28+Q28+S28+U28+W28+Y28+AA28 -> 881836.73 | AD28: =Z28/31-X28/30 -> 5.8053763 | AE28: =AA28/31-Y28/30 -> 15.310366 | AF28: =AB28/SUM($AB$28:$AB$40) -> 0.32563426 | AG28: =AC28/SUM($AC$28:$AC$40) -> 0.40083574 | AH28: =AG28+AG29 -> 0.42454138 | AJ28: =AG31 -> 0.11022653 | AK28: =AG38+AG37 -> 0.15187596
C29: 汤粉面 | X29: 3540 | Y29: 25072.65 | Z29: 4030 | AA29: 27079.65 | AB29: =D29+F29+H29+J29+L29+N29+P29+R29+T29+V29+X29+Z29 -> 7570 | AC29: =E29+G29+I29+K29+M29+O29+Q29+S29+U29+W29+Y29+AA29 -> 52152.3 | AD29: =Z29/31-X29/30 -> 12 | AE29: =AA29/31-Y29/30 -> 37.782097 | AF29: =AB29/SUM($AB$28:$AB$40) -> 0.016316199 | AG29: =AC29/SUM($AC$28:$AC$40) -> 0.023705642
C30: 小吃类 | D30: 9817 | E30: 36888.5 | F30: 9948 | G30: 35944.5 | H30: 11150 | I30: 42136.5 | J30: 10885 | K30: 42790.5 | L30: 10704 | M30: 42220.5 | N30: 11113 | O30: 43218.74 | P30: 14056 | Q30: 56339 | R30: 13894 | S30: 54641.3 | T30: =13601 -> 13601 | U30: =51987.31 -> 51987.31 | V30: 13000 | W30: 51110.2 | X30: 11938 | Y30: 37744.78 | Z30: 13745 | AA30: 43249.2 | AB30: =D30+F30+H30+J30+L30+N30+P30+R30+T30+V30+X30+Z30 -> 143851 | AC30: =E30+G30+I30+K30+M30+O30+Q30+S30+U30+W30+Y30+AA30 -> 538271.03 | AD30: =Z30/31-X30/30 -> 45.453763 | AE30: =AA30/31-Y30/30 -> 136.97615 | AF30: =AB30/SUM($AB$28:$AB$40) -> 0.31005304 | AG30: =AC30/SUM($AC$28:$AC$40) -> 0.24466917 | AI30: =AG30 -> 0.24466917
C31: 饮品甜品类 | D31: 7096 | E31: 17666.5 | F31: 7087 | G31: 17607.5 | H31: 7738 | I31: 19221.5 | J31: 7465 | K31: 19073 | L31: 7386 | M31: 19234.47 | N31: 6985 | O31: 18307.27 | P31: 8905 | Q31: 24230.13 | R31: 8690 | S31: 23425.5 | T31: =8322 -> 8322 | U31: =21297.1 -> 21297.1 | V31: 8210 | W31: 20779.12 | X31: 7885 | Y31: 19827.9 | Z31: 8853 | AA31: 21827.85 | AB31: =D31+F31+H31+J31+L31+N31+P31+R31+T31+V31+X31+Z31 -> 94622 | AC31: =E31+G31+I31+K31+M31+O31+Q31+S31+U31+W31+Y31+AA31 -> 242497.84 | AD31: =Z31/31-X31/30 -> 22.747312 | AE31: =AA31/31-Y31/30 -> 43.194194 | AF31: =AB31/SUM($AB$28:$AB$40) -> 0.20394602 | AG31: =AC31/SUM($AC$28:$AC$40) -> 0.11022653
C32: 蒸蛋 | D32: 128 | E32: 384 | F32: 123 | G32: 369 | H32: 155 | I32: 465 | J32: 152 | K32: 456 | L32: 87 | M32: 261 | X32: 0 | Y32: 0 | Z32: 0 | AA32: 0 | AB32: =D32+F32+H32+J32+L32+N32+P32+R32+T32+V32+X32+Z32 -> 645 | AC32: =E32+G32+I32+K32+M32+O32+Q32+S32+U32+W32+Y32+AA32 -> 1935 | AD32: =Z32/31-X32/30 -> 0 | AE32: =AA32/31-Y32/30 -> 0 | AF32: =AB32/SUM($AB$28:$AB$40) -> 0.0013902177 | AG32: =AC32/SUM($AC$28:$AC$40) -> 0.00087954734
C33: 浇头类 | D33: 327 | E33: 332 | F33: 351 | G33: 505.5 | H33: 581 | I33: 801.5 | J33: 590 | K33: 570.5 | L33: 613 | M33: 775 | N33: 643 | O33: 737.34 | P33: 686 | Q33: 730.3 | R33: 618 | S33: 904.28 | T33: =604 -> 604 | U33: =1012.76 -> 1012.76 | V33: 407 | W33: 696.34 | X33: 889 | Y33: 1243.7 | Z33: 737 | AA33: 1375.26 | AB33: =D33+F33+H33+J33+L33+N33+P33+R33+T33+V33+X33+Z33 -> 7046 | AC33: =E33+G33+I33+K33+M33+O33+Q33+S33+U33+W33+Y33+AA33 -> 9684.48 | AD33: =Z33/31-X33/30 -> -5.8591398 | AE33: =AA33/31-Y33/30 -> 2.9065591 | AF33: =AB33/SUM($AB$28:$AB$40) -> 0.015186782 | AG33: =AC33/SUM($AC$28:$AC$40) -> 0.0044020458
C34: 套餐 | J34: 191 | K34: 1835.2 | L34: 560 | M34: 6348.65 | N34: 509 | O34: 4785.32 | P34: 669 | Q34: 7629.82 | R34: 474 | S34: 5445.45 | T34: =26+280 -> 306 | U34: =260+3084.12 -> 3344.12 | V34: 304 | W34: 3401.49 | X34: 846 | Y34: 7391.37 | Z34: 2451 | AA34: 20773.47 | AB34: =D34+F34+H34+J34+L34+N34+P34+R34+T34+V34+X34+Z34 -> 6310 | AC34: =E34+G34+I34+K34+M34+O34+Q34+S34+U34+W34+Y34+AA34 -> 60954.89 | AD34: =Z34/31-X34/30 -> 50.864516 | AE34: =AA34/31-Y34/30 -> 423.73294 | AF34: =AB34/SUM($AB$28:$AB$40) -> 0.013600425 | AG34: =AC34/SUM($AC$28:$AC$40) -> 0.027706828
C35: 活动菜品&福利 | N35: 2 | O35: 38 | P35: 5 | Q35: 95 | R35: 5 | S35: 95 | T35: =1590 -> 1590 | U35: =3299.78 -> 3299.78 | V35: 1881 | W35: 3938.77 | X35: 0 | Y35: 0 | Z35: 0 | AA35: 0 | AB35: =D35+F35+H35+J35+L35+N35+P35+R35+T35+V35+X35+Z35 -> 3483 | AC35: =E35+G35+I35+K35+M35+O35+Q35+S35+U35+W35+Y35+AA35 -> 7466.55 | AD35: =Z35/31-X35/30 -> 0 | AE35: =AA35/31-Y35/30 -> 0 | AF35: =AB35/SUM($AB$28:$AB$40) -> 0.0075071758 | AG35: =AC35/SUM($AC$28:$AC$40) -> 0.0033938936
C36: 鲜食小包装 | D36: 49 | E36: 980 | F36: 60 | G36: 1200 | H36: 613 | I36: 7641 | J36: 491 | K36: 6844 | L36: 366 | M36: 5285.58 | N36: 375 | O36: 5795 | P36: 301 | Q36: 3803.5 | R36: =172+88 -> 260 | S36: =3440+396 -> 3836 | T36: =413 -> 413 | U36: =4357.5 -> 4357.5 | V36: 482 | W36: 5224.5 | X36: 485 | Y36: 4935.5 | Z36: 429 | AA36: 4994 | AB36: =D36+F36+H36+J36+L36+N36+P36+R36+T36+V36+X36+Z36 -> 4324 | AC36: =E36+G36+I36+K36+M36+O36+Q36+S36+U36+W36+Y36+AA36 -> 54896.58 | AD36: =Z36/31-X36/30 -> -2.327957 | AE36: =AA36/31-Y36/30 -> -3.4198925 | AF36: =AB36/SUM($AB$28:$AB$40) -> 0.0093198474 | AG36: =AC36/SUM($AC$28:$AC$40) -> 0.024953044
C37: 炒饭类 | D37: 1196 | E37: 12713 | F37: 1574 | G37: 16950 | H37: 1558 | I37: 16873 | J37: 1456 | K37: 15011 | L37: 1071 | M37: 10935.02 | N37: 1042 | O37: 10739.64 | P37: 1096 | Q37: 10968.84 | R37: =885+197 -> 1082 | S37: =8876.31+2114.62 -> 10990.93 | T37: =1558 -> 1558 | U37: =14820.87 -> 14820.87 | V37: 1523 | W37: 14330.35 | X37: 1607 | Y37: 15139.3 | Z37: 2044 | AA37: 19537.33 | AB37: =D37+F37+H37+J37+L37+N37+P37+R37+T37+V37+X37+Z37 -> 16807 | AC37: =E37+G37+I37+K37+M37+O37+Q37+S37+U37+W37+Y37+AA37 -> 169009.28 | AD37: =Z37/31-X37/30 -> 12.368817 | AE37: =AA37/31-Y37/30 -> 125.59312 | AF37: =AB37/SUM($AB$28:$AB$40) -> 0.03622541 | AG37: =AC37/SUM($AC$28:$AC$40) -> 0.076822565
C38: 盖浇饭 | R38: 160 | S38: 2441 | T38: =2552 -> 2552 | U38: =34777.3 -> 34777.3 | V38: 2643 | W38: 35299.87 | X38: 2813 | Y38: 37446.65 | Z38: 4159 | AA38: 55152.29 | AB38: =D38+F38+H38+J38+L38+N38+P38+R38+T38+V38+X38+Z38 -> 12327 | AC38: =E38+G38+I38+K38+M38+O38+Q38+S38+U38+W38+Y38+AA38 -> 165117.11 | AD38: =Z38/31-X38/30 -> 40.394624 | AE38: =AA38/31-Y38/30 -> 530.88446 | AF38: =AB38/SUM($AB$28:$AB$40) -> 0.026569324 | AG38: =AC38/SUM($AC$28:$AC$40) -> 0.075053393
C39: 餐具小料 | T39: =3449 -> 3449 | U39: =336.22 -> 336.22 | V39: 4191 | W39: 517.95 | X39: 3573 | Y39: 224.82 | Z39: 4678 | AA39: 315.22 | AB39: =D39+F39+H39+J39+L39+N39+P39+R39+T39+V39+X39+Z39 -> 15891 | AC39: =E39+G39+I39+K39+M39+O39+Q39+S39+U39+W39+Y39+AA39 -> 1394.21 | AD39: =Z39/31-X39/30 -> 31.803226 | AE39: =AA39/31-Y39/30 -> 2.6743871 | AF39: =AB39/SUM($AB$28:$AB$40) -> 0.034251086 | AG39: =AC39/SUM($AC$28:$AC$40) -> 0.00063373318
C40: 外卖餐盒费 | U40: 2249.85 | W40: 2973.37 | X40: =T40+AJ40 -> 0.096831203 | Y40: 3016.84 | AA40: 6539.22 | AB40: =D40+F40+H40+J40+L40+N40+P40+R40+T40+V40+X40+Z40 -> 0.096831203 | AC40: =E40+G40+I40+K40+M40+O40+Q40+S40+U40+W40+Y40+AA40 -> 14779.28 | AD40: =Z40/31-X40/30 -> -0.0032277068 | AE40: =AA40/31-Y40/30 -> 110.38125 | AF40: =AB40/SUM($AB$28:$AB$40) -> 2.0870769e-07 | AG40: =AC40/SUM($AC$28:$AC$40) -> 0.006717869 | AI40: =AG44 -> 0.10018479 | AJ40: =AG42 -> 0.096831203 | AK40: =AG45+AG47 -> 0.070636355
B41: 蔡甸中百 | C41: 热干系列 | D41: 7618 | E41: 41104.37 | F41: 7610 | G41: 40639.68 | H41: 6839 | I41: 36883.54 | J41: 6134 | K41: 33776.88 | L41: 5689 | M41: 32028.39 | N41: 4709 | O41: 26519.16 | P41: 4920 | Q41: 28159.4 | R41: 4843 | S41: 27246.31 | T41: =422+4708 -> 5130 | U41: =1750.34+25639.62 -> 27389.96 | V41: =6177 -> 6177 | W41: =32541.86 -> 32541.86 | X41: 6430 | Y41: 33998 | Z41: 7204 | AA41: 37332.99 | AB41: =D41+F41+H41+J41+L41+N41+P41+R41+T41+V41+X41+Z41 -> 73303 | AC41: =E41+G41+I41+K41+M41+O41+Q41+S41+U41+W41+Y41+AA41 -> 397620.54 | AD41: =Z41/31-X41/30 -> 18.053763 | AE41: =AA41/31-Y41/30 -> 71.023333 | AF41: =AB41/SUM($AB$41:$AB$52) -> 0.33791396 | AG41: =AC41/SUM($AC$41:$AC$52) -> 0.38344193 | AH41: =AG41+AG43+AG48 -> 0.57836132
C42: 饮品类 | D42: 4653 | E42: 10862.7 | F42: 3806 | G42: 9032.7 | H42: 3391 | I42: 8057.36 | J42: 3329 | K42: 8084.82 | L42: 3003 | M42: 7435.82 | N42: 2497 | O42: 6241.75 | P42: 2732 | Q42: 6896.93 | R42: 2859 | S42: 7066.87 | T42: =2848 -> 2848 | U42: =6931.83 -> 6931.83 | V42: =3617 -> 3617 | W42: =8849.06 -> 8849.06 | X42: 4009 | Y42: 9697.69 | Z42: 4820 | AA42: 11254.22 | AB42: =D42+F42+H42+J42+L42+N42+P42+R42+T42+V42+X42+Z42 -> 41564 | AC42: =E42+G42+I42+K42+M42+O42+Q42+S42+U42+W42+Y42+AA42 -> 100411.75 | AD42: =Z42/31-X42/30 -> 21.850538 | AE42: =AA42/31-Y42/30 -> 39.783022 | AF42: =AB42/SUM($AB$41:$AB$52) -> 0.19160274 | AG42: =AC42/SUM($AC$41:$AC$52) -> 0.096831203
C43: 骨汤类 | D43: 2884 | E43: 19609.2 | F43: 2608 | G43: 17942.52 | H43: 2532 | I43: 16879.91 | J43: 1748 | K43: 11151.32 | L43: 1937 | M43: 12921.34 | N43: 1858 | O43: 12483.15 | P43: 1811 | Q43: 12841.48 | R43: 1960 | S43: 13635.19 | T43: =2370 -> 2370 | U43: =15791.01 -> 15791.01 | V43: =333+2454 -> 2787 | W43: =2177.61+16382.81 -> 18560.42 | X43: 3092 | Y43: 20721.1 | Z43: 3612 | AA43: 22678.7 | AB43: =D43+F43+H43+J43+L43+N43+P43+R43+T43+V43+X43+Z43 -> 29199 | AC43: =E43+G43+I43+K43+M43+O43+Q43+S43+U43+W43+Y43+AA43 -> 195215.34 | AD43: =Z43/31-X43/30 -> 13.449462 | AE43: =AA43/31-Y43/30 -> 40.867634 | AF43: =AB43/SUM($AB$41:$AB$52) -> 0.13460226 | AG43: =AC43/SUM($AC$41:$AC$52) -> 0.18825423
C44: 小吃类 | D44: 1939 | E44: 5471.41 | F44: 1775 | G44: 5622.69 | H44: 1976 | I44: 6249.34 | J44: 2030 | K44: 7130.11 | L44: 2344 | M44: 7348.12 | N44: 2524 | O44: 7514.42 | P44: 2446 | Q44: 7785.62 | R44: 2749 | S44: 9231.58 | T44: =3287 -> 3287 | U44: =9889.26 -> 9889.26 | V44: =3836 -> 3836 | W44: =11867.39 -> 11867.39 | X44: 4404 | Y44: 10099.16 | Z44: 6294 | AA44: 15680.24 | AB44: =D44+F44+H44+J44+L44+N44+P44+R44+T44+V44+X44+Z44 -> 35604 | AC44: =E44+G44+I44+K44+M44+O44+Q44+S44+U44+W44+Y44+AA44 -> 103889.34 | AD44: =Z44/31-X44/30 -> 56.232258 | AE44: =AA44/31-Y44/30 -> 169.17553 | AF44: =AB44/SUM($AB$41:$AB$52) -> 0.16412819 | AG44: =AC44/SUM($AC$41:$AC$52) -> 0.10018479
C45: 盖码饭 | D45: 321 | E45: 4798 | F45: 54 | G45: 770 | H45: 79 | I45: 1142 | L45: 11 | M45: 156 | T45: =115 -> 115 | U45: =1949.5 -> 1949.5 | V45: =178 -> 178 | W45: =2974.99 -> 2974.99 | X45: 244 | Y45: 4044.49 | Z45: 243 | AA45: 3830.19 | AB45: =D45+F45+H45+J45+L45+N45+P45+R45+T45+V45+X45+Z45 -> 1245 | AC45: =E45+G45+I45+K45+M45+O45+Q45+S45+U45+W45+Y45+AA45 -> 19665.17 | AD45: =Z45/31-X45/30 -> -0.29462366 | AE45: =AA45/31-Y45/30 -> -11.261817 | AF45: =AB45/SUM($AB$41:$AB$52) -> 0.0057392315 | AG45: =AC45/SUM($AC$41:$AC$52) -> 0.018963937
C46: 加价 | D46: 62 | E46: 62 | F46: 94 | G46: 94 | H46: 74 | I46: 74 | J46: 127 | K46: 137 | L46: 108 | M46: 314.24 | N46: 108 | O46: 219.8 | P46: 148 | Q46: 253.24 | R46: 157 | S46: 294.46 | T46: =119 -> 119 | U46: =199.79 -> 199.79 | V46: =185+15 -> 200 | W46: =1017.45+49.63 -> 1067.08 | X46: 98 | Y46: 265.43 | Z46: 223 | AA46: 383.55 | AB46: =D46+F46+H46+J46+L46+N46+P46+R46+T46+V46+X46+Z46 -> 1518 | AC46: =E46+G46+I46+K46+M46+O46+Q46+S46+U46+W46+Y46+AA46 -> 3364.59 | AD46: =Z46/31-X46/30 -> 3.9268817 | AE46: =AA46/31-Y46/30 -> 3.524914 | AF46: =AB46/SUM($AB$41:$AB$52) -> 0.0069977135 | AG46: =AC46/SUM($AC$41:$AC$52) -> 0.0032446133
C47: 炒饭类 | H47: 120 | I47: 1013.15 | J47: 343 | K47: 3527 | L47: 323 | M47: 3107.84 | N47: 426 | O47: 4136.28 | P47: 452 | Q47: 4202.73 | R47: 511 | S47: 4833.25 | T47: =602 -> 602 | U47: =5659.81 -> 5659.81 | V47: =760 -> 760 | W47: =7103.39 -> 7103.39 | X47: 908 | Y47: 8785.02 | Z47: 1175 | AA47: 11214.65 | AB47: =D47+F47+H47+J47+L47+N47+P47+R47+T47+V47+X47+Z47 -> 5620 | AC47: =E47+G47+I47+K47+M47+O47+Q47+S47+U47+W47+Y47+AA47 -> 53583.12 | AD47: =Z47/31-X47/30 -> 7.6365591 | AE47: =AA47/31-Y47/30 -> 68.928903 | AF47: =AB47/SUM($AB$41:$AB$52) -> 0.025907213 | AG47: =AC47/SUM($AC$41:$AC$52) -> 0.051672419
C48: 掺汤类 | H48: 1 | I48: 12 | J48: 90 | K48: 1200.56 | L48: 26 | M48: 331.01 | N48: 9 | O48: 118 | P48: 6 | Q48: 71.5 | R48: 22 | S48: 277.06 | T48: =61 -> 61 | U48: =603.24 -> 603.24 | V48: =114 -> 114 | W48: =1101.11 -> 1101.11 | X48: 147 | Y48: 1375.67 | Z48: 195 | AA48: 1821.47 | AB48: =D48+F48+H48+J48+L48+N48+P48+R48+T48+V48+X48+Z48 -> 671 | AC48: =E48+G48+I48+K48+M48+O48+Q48+S48+U48+W48+Y48+AA48 -> 6911.62 | AD48: =Z48/31-X48/30 -> 1.3903226 | AE48: =AA48/31-Y48/30 -> 12.90143 | AF48: =AB48/SUM($AB$41:$AB$52) -> 0.0030931922 | AG48: =AC48/SUM($AC$41:$AC$52) -> 0.006665161
C49: 套餐类 | H49: 151 | I49: 1494.9 | J49: 585 | K49: 4845.69 | L49: 2066 | M49: 16922.65 | N49: 2209 | O49: 18114.88 | P49: 2971 | Q49: 24558.88 | R49: 3003 | S49: 24773.99 | T49: =2289 -> 2289 | U49: =19086.93 -> 19086.93 | V49: =1738 -> 1738 | W49: =14473.63 -> 14473.63 | X49: 1110 | Y49: 9757.62 | Z49: 1433 | AA49: 11391.75 | AB49: =D49+F49+H49+J49+L49+N49+P49+R49+T49+V49+X49+Z49 -> 17555 | AC49: =E49+G49+I49+K49+M49+O49+Q49+S49+U49+W49+Y49+AA49 -> 145420.92 | AD49: =Z49/31-X49/30 -> 9.2258065 | AE49: =AA49/31-Y49/30 -> 42.221806 | AF49: =AB49/SUM($AB$41:$AB$52) -> 0.080925468 | AG49: =AC49/SUM($AC$41:$AC$52) -> 0.14023541
C50: 下单福利 | T50: =549 -> 549 | U50: =599.86 -> 599.86 | V50: =989 -> 989 | W50: =1165.82 -> 1165.82 | X50: 0 | Y50: 0 | Z50: 0 | AA50: 0 | AB50: =D50+F50+H50+J50+L50+N50+P50+R50+T50+V50+X50+Z50 -> 1538 | AC50: =E50+G50+I50+K50+M50+O50+Q50+S50+U50+W50+Y50+AA50 -> 1765.68 | AD50: =Z50/31-X50/30 -> 0 | AE50: =AA50/31-Y50/30 -> 0 | AF50: =AB50/SUM($AB$41:$AB$52) -> 0.00708991 | AG50: =AC50/SUM($AC$41:$AC$52) -> 0.0017027182
C51: 餐具小料 | T51: =1064 -> 1064 | U51: =88.97 -> 88.97 | V51: =1852 -> 1852 | W51: =111.08 -> 111.08 | X51: 2438 | Y51: 140.15 | Z51: 3757 | AA51: 200.79 | AB51: =D51+F51+H51+J51+L51+N51+P51+R51+T51+V51+X51+Z51 -> 9111 | AC51: =E51+G51+I51+K51+M51+O51+Q51+S51+U51+W51+Y51+AA51 -> 540.99 | AD51: =Z51/31-X51/30 -> 39.926882 | AE51: =AA51/31-Y51/30 -> 1.8054301 | AF51: =AB51/SUM($AB$41:$AB$52) -> 0.042000111 | AG51: =AC51/SUM($AC$41:$AC$52) -> 0.00052169903
C52: 外卖餐盒类 | U52: 596.47 | W52: 1201.2 | Y52: 2131.22 | AA52: 4659.25 | AB52: =D52+F52+H52+J52+L52+N52+P52+R52+T52+V52+X52+Z52 -> 0 | AC52: =E52+G52+I52+K52+M52+O52+Q52+S52+U52+W52+Y52+AA52 -> 8588.14 | AD52: =Z52/31-X52/30 -> 0 | AE52: =AA52/31-Y52/30 -> 79.25772 | AF52: =AB52/SUM($AB$41:$AB$52) -> 0 | AG52: =AC52/SUM($AC$41:$AC$52) -> 0.0082818986
B53: 铁机路店 | C53: 热干面类 | F53: 6671 | G53: 36813.1 | H53: 8941 | I53: 49637 | J53: 8072 | K53: 45256 | L53: 8293 | M53: 47065.47 | N53: 7506 | O53: 42614.31 | P53: =84+8316 -> 8400 | Q53: =479.6+46406.54 -> 46886.14 | R53: =330+9399 -> 9729 | S53: =2137.49+52635.83 -> 54773.32 | T53: =7408+122+145 -> 7675 | U53: =40758.16+639.82+742.85 -> 42140.83 | V53: =8400+455+29 -> 8884 | W53: =45438.1+2460.01+131.63 -> 48029.74 | X53: 8491 | Y53: 45712 | Z53: 9418 | AA53: 50425.36 | AB53: =D53+F53+H53+J53+L53+N53+P53+R53+T53+V53+X53+Z53 -> 92080 | AC53: =E53+G53+I53+K53+M53+O53+Q53+S53+U53+W53+Y53+AA53 -> 509353.27 | AD53: =Z53/31-X53/30 -> 20.773118 | AE53: =AA53/31-Y53/30 -> 102.89118 | AF53: =AB53/SUM($AB$53:$AB$65) -> 0.30413228 | AG53: =AC53/SUM($AC$53:$AC$65) -> 0.31315912 | AH53: =AG53+AG56+AG59 -> 0.54244338 | AJ53: =AG55 -> 0.013882688 | AK53: =AG60+AG59 -> 0.12650998
C54: 小吃 | F54: 5627 | G54: 11981.5 | H54: 7664 | I54: 16248 | J54: 6482 | K54: 14062.1 | L54: 6798 | M54: 15922.03 | N54: 5754 | O54: 13622 | P54: =252+6227 -> 6479 | Q54: =479.18+14822.79 -> 15301.97 | R54: =550+7099 -> 7649 | S54: =1081.33+16736.13 -> 17817.46 | T54: =6025+170+168 -> 6363 | U54: =13882.1+430.27+236.89 -> 14549.26 | V54: =6253+1453 -> 7706 | W54: =14289.72+3037.31 -> 17327.03 | X54: 4721 | Y54: 8423.82 | Z54: 5857 | AA54: 10946 | AB54: =D54+F54+H54+J54+L54+N54+P54+R54+T54+V54+X54+Z54 -> 71100 | AC54: =E54+G54+I54+K54+M54+O54+Q54+S54+U54+W54+Y54+AA54 -> 156201.17 | AD54: =Z54/31-X54/30 -> 31.568817 | AE54: =AA54/31-Y54/30 -> 72.302774 | AF54: =AB54/SUM($AB$53:$AB$65) -> 0.23483715 | AG54: =AC54/SUM($AC$53:$AC$65) -> 0.096035157 | AI54: =AG54 -> 0.096035157
C55: 饮品 | X55: 3959 | Y55: 10285.43 | Z55: 4749 | AA55: 12294.76 | AB55: =D55+F55+H55+J55+L55+N55+P55+R55+T55+V55+X55+Z55 -> 8708 | AC55: =E55+G55+I55+K55+M55+O55+Q55+S55+U55+W55+Y55+AA55 -> 22580.19 | AD55: =Z55/31-X55/30 -> 21.226882 | AE55: =AA55/31-Y55/30 -> 53.757495 | AF55: =AB55/SUM($AB$53:$AB$65) -> 0.028761771 | AG55: =AC55/SUM($AC$53:$AC$65) -> 0.013882688
C56: 汤粉面类 | F56: 2744 | G56: 20159.3 | H56: 4023 | I56: 28343 | J56: 3436 | K56: 23680 | L56: 3307 | M56: 23019.11 | N56: 3329 | O56: 22476.27 | P56: =114+3771 -> 3885 | Q56: =843.43+24578.66 -> 25422.09 | R56: =178+4745 -> 4923 | S56: =1398.36+31349.97 -> 32748.33 | T56: =4104+81+51 -> 4236 | U56: =26899.01+555.59+461.83 -> 27916.43 | V56: =4309+320 -> 4629 | W56: =28664.3+2708.8 -> 31373.1 | X56: 4507 | Y56: 28947.58 | Z56: 4604 | AA56: 29832.31 | AB56: =D56+F56+H56+J56+L56+N56+P56+R56+T56+V56+X56+Z56 -> 43623 | AC56: =E56+G56+I56+K56+M56+O56+Q56+S56+U56+W56+Y56+AA56 -> 293917.52 | AD56: =Z56/31-X56/30 -> -1.7172043 | AE56: =AA56/31-Y56/30 -> -2.5867527 | AF56: =AB56/SUM($AB$53:$AB$65) -> 0.144083 | AG56: =AC56/SUM($AC$53:$AC$65) -> 0.18070553
C57: 盖饭类 | F57: 1019 | G57: 14316.3 | H57: 1663 | I57: 25744 | J57: 1919 | K57: 28826 | L57: 2190 | M57: 32754.55 | N57: 1947 | O57: 28894.22 | P57: 1875 | Q57: =52.27+27340.55 -> 27392.82 | R57: =63+1792 -> 1855 | S57: =736.41+25715.33 -> 26451.74 | T57: =1957+91 -> 2048 | U57: =28126.26+1151.24 -> 29277.5 | V57: =1865+826 -> 2691 | W57: =27033.37+9974.89 -> 37008.26 | X57: 2342 | Y57: 32539.66 | Z57: 2542 | AA57: 34453.64 | AB57: =D57+F57+H57+J57+L57+N57+P57+R57+T57+V57+X57+Z57 -> 22091 | AC57: =E57+G57+I57+K57+M57+O57+Q57+S57+U57+W57+Y57+AA57 -> 317658.69 | AD57: =Z57/31-X57/30 -> 3.9333333 | AE57: =AA57/31-Y57/30 -> 26.752409 | AF57: =AB57/SUM($AB$53:$AB$65) -> 0.072964662 | AG57: =AC57/SUM($AC$53:$AC$65) -> 0.19530201
C58: 炒饭类 | F58: 638 | G58: 7048.6 | H58: 954 | I58: 9953 | J58: 972 | K58: 10342 | L58: 905 | M58: 9662.69 | N58: 716 | O58: 7454.99 | P58: =28+632 -> 660 | Q58: =268.06+6194.84 -> 6462.9 | R58: =93+661 -> 754 | S58: =897.3+6508.89 -> 7406.19 | T58: =527+42+6 -> 575 | U58: =5217.02+372.83+62.5 -> 5652.35 | V58: =659+171+39 -> 869 | W58: =6739.65+1627.09+403.56 -> 8770.3 | X58: 787 | Y58: 7794.95 | Z58: 863 | AA58: 8453.26 | AB58: =D58+F58+H58+J58+L58+N58+P58+R58+T58+V58+X58+Z58 -> 8693 | AC58: =E58+G58+I58+K58+M58+O58+Q58+S58+U58+W58+Y58+AA58 -> 89001.23 | AD58: =Z58/31-X58/30 -> 1.6053763 | AE58: =AA58/31-Y58/30 -> 12.85414 | AF58: =AB58/SUM($AB$53:$AB$65) -> 0.028712227 | AG58: =AC58/SUM($AC$53:$AC$65) -> 0.054719482
C59: 生烫类 | F59: 601 | G59: 7681.1 | H59: 722 | I59: 9845 | J59: 639 | K59: 8734 | L59: 448 | M59: 6045.14 | N59: 411 | O59: 5387.78 | P59: =15+398 -> 413 | Q59: =160.36+4676.23 -> 4836.59 | R59: =50+441 -> 491 | S59: =510.06+5424.85 -> 5934.91 | T59: =444+37 -> 481 | U59: =5784.48+357.32 -> 6141.8 | V59: =520+185 -> 705 | W59: =6763.98+1891.25 -> 8655.23 | X59: 621 | Y59: 7573.6 | Z59: 665 | AA59: 8178.15 | AB59: =D59+F59+H59+J59+L59+N59+P59+R59+T59+V59+X59+Z59 -> 6197 | AC59: =E59+G59+I59+K59+M59+O59+Q59+S59+U59+W59+Y59+AA59 -> 79013.3 | AD59: =Z59/31-X59/30 -> 0.7516129 | AE59: =AA59/31-Y59/30 -> 11.357957 | AF59: =AB59/SUM($AB$53:$AB$65) -> 0.020468155 | AG59: =AC59/SUM($AC$53:$AC$65) -> 0.048578731
C60: 套餐 | F60: 196 | G60: 1775.4 | H60: 1831 | I60: 15935.9 | J60: 1291 | K60: 11131.9 | L60: 1297 | M60: 11537.98 | N60: 1110 | O60: 9580.89 | P60: =107+1641 -> 1748 | Q60: =1166+14904.3 -> 16070.3 | R60: =130+1197 -> 1327 | S60: =1631.95+10634.72 -> 12266.67 | T60: =1100+106 -> 1206 | U60: =7704.66+1090.32 -> 8794.98 | V60: =641+412 -> 1053 | W60: =5674.93+4579.81 -> 10254.74 | X60: 1005 | Y60: 9023.13 | Z60: 2475 | AA60: 20383.28 | AB60: =D60+F60+H60+J60+L60+N60+P60+R60+T60+V60+X60+Z60 -> 14539 | AC60: =E60+G60+I60+K60+M60+O60+Q60+S60+U60+W60+Y60+AA60 -> 126755.17 | AD60: =Z60/31-X60/30 -> 46.33871 | AE60: =AA60/31-Y60/30 -> 356.75416 | AF60: =AB60/SUM($AB$53:$AB$65) -> 0.048021059 | AG60: =AC60/SUM($AC$53:$AC$65) -> 0.077931251
C61: 加浇头 | X61: 212 | Y61: 359.22 | Z61: 134 | AA61: 419.03 | AB61: =D61+F61+H61+J61+L61+N61+P61+R61+T61+V61+X61+Z61 -> 346 | AC61: =E61+G61+I61+K61+M61+O61+Q61+S61+U61+W61+Y61+AA61 -> 778.25 | AD61: =Z61/31-X61/30 -> -2.744086 | AE61: =AA61/31-Y61/30 -> 1.5430968 | AF61: =AB61/SUM($AB$53:$AB$65) -> 0.0011428081 | AG61: =AC61/SUM($AC$53:$AC$65) -> 0.00047848144
C62: 鲜食系列 | F62: 27 | G62: 271 | H62: 6 | I62: 75 | J62: 13 | K62: 105 | L62: 15 | M62: 102 | N62: 8 | O62: 52 | P62: 11 | Q62: 145 | X62: 0 | Y62: 0 | Z62: 1 | AA62: 20 | AB62: =D62+F62+H62+J62+L62+N62+P62+R62+T62+V62+X62+Z62 -> 81 | AC62: =E62+G62+I62+K62+M62+O62+Q62+S62+U62+W62+Y62+AA62 -> 770 | AD62: =Z62/31-X62/30 -> 0.032258065 | AE62: =AA62/31-Y62/30 -> 0.64516129 | AF62: =AB62/SUM($AB$53:$AB$65) -> 0.00026753599 | AG62: =AC62/SUM($AC$53:$AC$65) -> 0.0004734092
C63: 活动菜品&福利 | N63: 933 | O63: 1323.9 | P63: =89+2326 -> 2415 | Q63: =52.46+3327.44 -> 3379.9 | R63: =106+1782 -> 1888 | S63: =167.83+3845.57 -> 4013.4 | T63: =848+84 -> 932 | U63: =1815.62+117.2 -> 1932.82 | V63: =827 -> 827 | W63: =1657.84 -> 1657.84 | X63: 0 | Y63: 0 | Z63: 0 | AA63: 0 | AB63: =D63+F63+H63+J63+L63+N63+P63+R63+T63+V63+X63+Z63 -> 6995 | AC63: =E63+G63+I63+K63+M63+O63+Q63+S63+U63+W63+Y63+AA63 -> 12307.86 | AD63: =Z63/31-X63/30 -> 0 | AE63: =AA63/31-Y63/30 -> 0 | AF63: =AB63/SUM($AB$53:$AB$65) -> 0.02310388 | AG63: =AC63/SUM($AC$53:$AC$65) -> 0.0075670833
C64: 调料&餐具 | N64: 1303 | O64: 220.98 | P64: =549+4356 -> 4905 | Q64: =56.7+445.1 -> 501.8 | R64: =1256+3558 -> 4814 | S64: =84.84+375.36 -> 460.2 | T64: =1657+803 -> 2460 | U64: =220.45+55.82 -> 276.27 | V64: =1687+3867 -> 5554 | W64: =171.98+273.12 -> 445.1 | X64: 4012 | Y64: 259.39 | Z64: 5262 | AA64: 407.21 | AB64: =D64+F64+H64+J64+L64+N64+P64+R64+T64+V64+X64+Z64 -> 28310 | AC64: =E64+G64+I64+K64+M64+O64+Q64+S64+U64+W64+Y64+AA64 -> 2570.95 | AD64: =Z64/31-X64/30 -> 36.008602 | AE64: =AA64/31-Y64/30 -> 4.4894731 | AF64: =AB64/SUM($AB$53:$AB$65) -> 0.093505481 | AG64: =AC64/SUM($AC$53:$AC$65) -> 0.0015806641
C65: 外卖餐盒费 | U65: 1897.02 | W65: 4986.24 | Y65: 3478.93 | AA65: 5230.08 | AB65: =D65+F65+H65+J65+L65+N65+P65+R65+T65+V65+X65+Z65 -> 0 | AC65: =E65+G65+I65+K65+M65+O65+Q65+S65+U65+W65+Y65+AA65 -> 15592.27 | AD65: =Z65/31-X65/30 -> 0 | AE65: =AA65/31-Y65/30 -> 52.747925 | AF65: =AB65/SUM($AB$53:$AB$65) -> 0 | AG65: =AC65/SUM($AC$53:$AC$65) -> 0.0095863949
A66: 中型 | B66: 东辉花园店 | C66: 热干面 | H66: 2548 | I66: 12280.4 | J66: 6359 | K66: 35031.23 | L66: 4963 | M66: 29031.53 | N66: 5360 | O66: 31246.55 | P66: =34+6355 -> 6389 | Q66: =217.25+37405.87 -> 37623.12 | R66: =283+4914+5 -> 5202 | S66: =2052.31+29009.42+23.71 -> 31085.44 | T66: =4199+133 -> 4332 | U66: =24212.97+849.13 -> 25062.1 | V66: =4157+434+22 -> 4613 | W66: =23734.79+2634.44+102.81 -> 26472.04 | X66: 4235 | Y66: 22936.98 | Z66: 4641 | AA66: 24670.2 | AB66: =D66+F66+H66+J66+L66+N66+P66+R66+T66+V66+X66+Z66 -> 48642 | AC66: =E66+G66+I66+K66+M66+O66+Q66+S66+U66+W66+Y66+AA66 -> 275439.59 | AD66: =Z66/31-X66/30 -> 8.5430108 | AE66: =AA66/31-Y66/30 -> 31.246903 | AF66: =AB66/SUM($AB$66:$AB$79) -> 0.23179635 | AG66: =AC66/SUM($AC$66:$AC$79) -> 0.2370746 | AH66: =AG66+AG70+AG72 -> 0.40590208 | AI66: =AG67 -> 0.12171275 | AJ66: =AG69 -> 0.073221535 | AK66: =AG71+AG73 -> 0.22144812
C67: 小吃 | H67: 1408 | I67: 4381.18 | J67: 4105 | K67: 15797.65 | L67: 3323 | M67: 11942.66 | N67: 4143 | O67: 12911.8 | P67: =109+4851 -> 4960 | Q67: =252.16+18127.73 -> 18379.89 | R67: =727+4353 -> 5080 | S67: =1798.17+18133.56 -> 19931.73 | T67: =3705+404 -> 4109 | U67: =14545.79+1042.11 -> 15587.9 | V67: =3442+1070+12 -> 4524 | W67: =14958.98+2786.47+34.78 -> 17780.23 | X67: 3906 | Y67: 11882.91 | Z67: 4653 | AA67: 12813.17 | AB67: =D67+F67+H67+J67+L67+N67+P67+R67+T67+V67+X67+Z67 -> 40211 | AC67: =E67+G67+I67+K67+M67+O67+Q67+S67+U67+W67+Y67+AA67 -> 141409.12 | AD67: =Z67/31-X67/30 -> 19.896774 | AE67: =AA67/31-Y67/30 -> 17.231065 | AF67: =AB67/SUM($AB$66:$AB$79) -> 0.19161965 | AG67: =AC67/SUM($AC$66:$AC$79) -> 0.12171275
C68: 浇头 | X68: 60 | Y68: 180.12 | Z68: 77 | AA68: 284.7 | AB68: =D68+F68+H68+J68+L68+N68+P68+R68+T68+V68+X68+Z68 -> 137 | AC68: =E68+G68+I68+K68+M68+O68+Q68+S68+U68+W68+Y68+AA68 -> 464.82 | AD68: =Z68/31-X68/30 -> 0.48387097 | AE68: =AA68/31-Y68/30 -> 3.179871 | AF68: =AB68/SUM($AB$66:$AB$79) -> 0.00065285349 | AG68: =AC68/SUM($AC$66:$AC$79) -> 0.0004000769
C69: 饮品 | H69: 1372 | I69: 3458.22 | J69: 4039 | K69: 11259.01 | L69: 3012 | M69: 8594.49 | N69: 2783 | O69: 7807.01 | P69: =48+3790 -> 3838 | Q69: =95.02+10563.66 -> 10658.68 | R69: =321+3003 -> 3324 | S69: =603.85+8397.91 -> 9001.76 | T69: =2376+133 -> 2509 | U69: =6605.4+239.13 -> 6844.53 | V69: =2369+410 -> 2779 | W69: =6817.29+793.62 -> 7610.91 | X69: 2749 | Y69: 7949.97 | Z69: 3511 | AA69: 11886.15 | AB69: =D69+F69+H69+J69+L69+N69+P69+R69+T69+V69+X69+Z69 -> 29916 | AC69: =E69+G69+I69+K69+M69+O69+Q69+S69+U69+W69+Y69+AA69 -> 85070.73 | AD69: =Z69/31-X69/30 -> 21.624731 | AE69: =AA69/31-Y69/30 -> 118.42519 | AF69: =AB69/SUM($AB$66:$AB$79) -> 0.14256033 | AG69: =AC69/SUM($AC$66:$AC$79) -> 0.073221535
C70: 汤粉面 | H70: 864 | I70: 6557.29 | J70: 1972 | K70: 13938.92 | L70: 1640 | M70: 12299.52 | N70: 1945 | O70: 14142.76 | P70: =26+2217 -> 2243 | Q70: =231.07+15886.22 -> 16117.29 | R70: =167+1917 -> 2084 | S70: =1395.34+14044.38 -> 15439.72 | T70: =1587+113 -> 1700 | U70: =11781.66+872.98 -> 12654.64 | V70: =1404+71+287 -> 1762 | W70: =10879.88+416.98+2147.81 -> 13444.67 | X70: 2200 | Y70: 16257 | Z70: 2754 | AA70: 19393.94 | AB70: =D70+F70+H70+J70+L70+N70+P70+R70+T70+V70+X70+Z70 -> 19164 | AC70: =E70+G70+I70+K70+M70+O70+Q70+S70+U70+W70+Y70+AA70 -> 140245.75 | AD70: =Z70/31-X70/30 -> 15.505376 | AE70: =AA70/31-Y70/30 -> 83.710968 | AF70: =AB70/SUM($AB$66:$AB$79) -> 0.091323243 | AG70: =AC70/SUM($AC$66:$AC$79) -> 0.12071143
C71: 盖浇饭 | H71: 748 | I71: 8501.99 | J71: 1407 | K71: 20909.49 | L71: 1278 | M71: 18862.13 | N71: 1605 | O71: 22482.21 | P71: =27+1582 -> 1609 | Q71: =321.52+21580.29 -> 21901.81 | R71: =159+1236 -> 1395 | S71: =1969.42+17392.5 -> 19361.92 | T71: =1118+153 -> 1271 | U71: =15677.65+1925.77 -> 17603.42 | V71: =1191+519 -> 1710 | W71: =17676.44+6662.27 -> 24338.71 | X71: 1879 | Y71: 26225.58 | Z71: 1975 | AA71: 25651.71 | AB71: =D71+F71+H71+J71+L71+N71+P71+R71+T71+V71+X71+Z71 -> 14877 | AC71: =E71+G71+I71+K71+M71+O71+Q71+S71+U71+W71+Y71+AA71 -> 205838.97 | AD71: =Z71/31-X71/30 -> 1.0763441 | AE71: =AA71/31-Y71/30 -> -46.711484 | AF71: =AB71/SUM($AB$66:$AB$79) -> 0.070894171 | AG71: =AC71/SUM($AC$66:$AC$79) -> 0.1771684
C72: 鲜烫 | H72: 409 | I72: 4374.41 | J72: 750 | K72: 9934.66 | L72: 443 | M72: 6162.42 | N72: 64 | O72: 953.25 | P72: =5+470 -> 475 | Q72: =60.28+6534.99 -> 6595.27 | R72: =55+397 -> 452 | S72: =572.47+5473.99 -> 6046.46 | T72: =351+30 -> 381 | U72: =4933.35+301.17 -> 5234.52 | V72: =308+98 -> 406 | W72: =4398.94+977.45 -> 5376.39 | X72: 402 | Y72: 5347.05 | Z72: 460 | AA72: 5878.08 | AB72: =D72+F72+H72+J72+L72+N72+P72+R72+T72+V72+X72+Z72 -> 4242 | AC72: =E72+G72+I72+K72+M72+O72+Q72+S72+U72+W72+Y72+AA72 -> 55902.51 | AD72: =Z72/31-X72/30 -> 1.4387097 | AE72: =AA72/31-Y72/30 -> 11.380484 | AF72: =AB72/SUM($AB$66:$AB$79) -> 0.020214632 | AG72: =AC72/SUM($AC$66:$AC$79) -> 0.048116051
C73: 炒饭 | H73: 162 | I73: 1501.81 | J73: 532 | K73: 5478.94 | L73: 479 | M73: 4814.71 | N73: 560 | O73: 5225.69 | P73: =12+536 -> 548 | Q73: =100.44+5637.25 -> 5737.69 | R73: =81+399 -> 480 | S73: =705.67+3945.37 -> 4651.04 | T73: =417+71 -> 488 | U73: =4076.87+657.94 -> 4734.81 | V73: =375+242 -> 617 | W73: =3821.45+2141.49 -> 5962.94 | X73: 581 | Y73: 5647.7 | Z73: 818 | AA73: 7690.03 | AB73: =D73+F73+H73+J73+L73+N73+P73+R73+T73+V73+X73+Z73 -> 5265 | AC73: =E73+G73+I73+K73+M73+O73+Q73+S73+U73+W73+Y73+AA73 -> 51445.36 | AD73: =Z73/31-X73/30 -> 7.0204301 | AE73: =AA73/31-Y73/30 -> 59.808817 | AF73: =AB73/SUM($AB$66:$AB$79) -> 0.025089589 | AG73: =AC73/SUM($AC$66:$AC$79) -> 0.044279721
C74: 套餐&拼好饭 | H74: 37 | I74: 550.3 | J74: 1301 | K74: 13760.1 | L74: 2431 | M74: 23193.69 | N74: 2049 | O74: 18838.79 | P74: =25+2429 -> 2454 | Q74: =278.5+21979.92 -> 22258.42 | R74: =353+1955 -> 2308 | S74: =3786.44+17473.27 -> 21259.71 | T74: =11+5+58+1889+51 -> 2014 | U74: =138.76+37.07+683.2+16337.96+597.69 -> 17794.68 | V74: =1313+2+103 -> 1418 | W74: =11717.72+29.94+1268.69 -> 13016.35 | X74: 1356 | Y74: 13441.14 | Z74: 2855 | AA74: 24613.12 | AB74: =D74+F74+H74+J74+L74+N74+P74+R74+T74+V74+X74+Z74 -> 18223 | AC74: =E74+G74+I74+K74+M74+O74+Q74+S74+U74+W74+Y74+AA74 -> 168726.3 | AD74: =Z74/31-X74/30 -> 46.896774 | AE74: =AA74/31-Y74/30 -> 345.93361 | AF74: =AB74/SUM($AB$66:$AB$79) -> 0.086839045 | AG74: =AC74/SUM($AC$66:$AC$79) -> 0.14522502
C75: 鲜食系列 | H75: 19 | I75: 213 | J75: 150 | K75: 1349 | L75: 4 | M75: 63.75 | N75: 14 | O75: 278.08 | P75: 8 | Q75: 160 | R75: 13 | S75: 260 | T75: 12 | U75: 210 | V75: =117 -> 117 | W75: =695 -> 695 | X75: 4 | Y75: 35 | Z75: 1 | AA75: 5 | AB75: =D75+F75+H75+J75+L75+N75+P75+R75+T75+V75+X75+Z75 -> 342 | AC75: =E75+G75+I75+K75+M75+O75+Q75+S75+U75+W75+Y75+AA75 -> 3268.83 | AD75: =Z75/31-X75/30 -> -0.10107527 | AE75: =AA75/31-Y75/30 -> -1.0053763 | AF75: =AB75/SUM($AB$66:$AB$79) -> 0.0016297511 | AG75: =AC75/SUM($AC$66:$AC$79) -> 0.0028135265
C76: 火锅 | Z76: 9 | AA76: 1320.43 | AB76: =D76+F76+H76+J76+L76+N76+P76+R76+T76+V76+X76+Z76 -> 9 | AC76: =E76+G76+I76+K76+M76+O76+Q76+S76+U76+W76+Y76+AA76 -> 1320.43 | AD76: =Z76/31-X76/30 -> 0.29032258 | AE76: =AA76/31-Y76/30 -> 42.594516 | AF76: =AB76/SUM($AB$66:$AB$79) -> 4.2888186e-05 | AG76: =AC76/SUM($AC$66:$AC$79) -> 0.0011365121
C77: 活动菜品&福利 | L77: 151 | M77: 196.31 | N77: 1602 | O77: 4267.44 | P77: 1693 | Q77: 5169.24 | R77: 1323 | S77: 4634.64 | T77: =765+52 -> 817 | U77: =2055.46+565.12 -> 2620.58 | V77: =352 -> 352 | W77: =1119 -> 1119 | X77: 0 | Y77: 0 | Z77: 0 | AA77: 0 | AB77: =D77+F77+H77+J77+L77+N77+P77+R77+T77+V77+X77+Z77 -> 5938 | AC77: =E77+G77+I77+K77+M77+O77+Q77+S77+U77+W77+Y77+AA77 -> 18007.21 | AD77: =Z77/31-X77/30 -> 0 | AE77: =AA77/31-Y77/30 -> 0 | AF77: =AB77/SUM($AB$66:$AB$79) -> 0.028296672 | AG77: =AC77/SUM($AC$66:$AC$79) -> 0.015499051
C78: 调料&餐具 | L78: 371 | M78: 48.39 | N78: 2541 | O78: 258.3 | P78: =207+2928 -> 3135 | Q78: =18.77+270.75 -> 289.52 | R78: =1694+2372 -> 4066 | S78: =147.73+182.2 -> 329.93 | T78: =1636+882 -> 2518 | U78: =204.82+118.05 -> 322.87 | V78: =843+2472 -> 3315 | W78: =92.63+286.31 -> 378.94 | X78: 2838 | Y78: 319.41 | Z78: 4098 | AA78: 391.37 | AB78: =D78+F78+H78+J78+L78+N78+P78+R78+T78+V78+X78+Z78 -> 22882 | AC78: =E78+G78+I78+K78+M78+O78+Q78+S78+U78+W78+Y78+AA78 -> 2338.73 | AD78: =Z78/31-X78/30 -> 37.593548 | AE78: =AA78/31-Y78/30 -> 1.9778387 | AF78: =AB78/SUM($AB$66:$AB$79) -> 0.10904083 | AG78: =AC78/SUM($AC$66:$AC$79) -> 0.0020129767
C79: 外卖餐盒费 | U79: 1984.41 | W79: 3372.71 | Y79: 2770.15 | AA79: 4221.02 | AB79: =D79+F79+H79+J79+L79+N79+P79+R79+T79+V79+X79+Z79 -> 0 | AC79: =E79+G79+I79+K79+M79+O79+Q79+S79+U79+W79+Y79+AA79 -> 12348.29 | AD79: =Z79/31-X79/30 -> 0 | AE79: =AA79/31-Y79/30 -> 43.823602 | AF79: =AB79/SUM($AB$66:$AB$79) -> 0 | AG79: =AC79/SUM($AC$66:$AC$79) -> 0.010628341
B80: 新华路店 | C80: 热干系列 | D80: 15190 | E80: 91457.11 | F80: 15026 | G80: 90666.37 | H80: 14939 | I80: 89268.29 | J80: 15726 | K80: 94175.12 | L80: =5+16133 -> 16138 | M80: =75+97122.6 -> 97197.6 | N80: =136+16384 -> 16520 | O80: =1700.69+99130.4 -> 100831.09 | P80: =17799+144+69 -> 18012 | Q80: =1724.57+105779.25+598.85 -> 108102.67 | R80: =238+16256 -> 16494 | S80: =1877.31+97058.69 -> 98936 | T80: =13896+610+205 -> 14711 | U80: =80226.64+3738.9+1335.8 -> 85301.34 | V80: =14182+22+481+449+10 -> 15144 | W80: =82468.72+204.09+3119.12+2950.9+82.7 -> 88825.53 | X80: 9890 | Y80: 52347 | Z80: 9524 | AA80: 50277.85 | AB80: =D80+F80+H80+J80+L80+N80+P80+R80+T80+V80+X80+Z80 -> 177314 | AC80: =E80+G80+I80+K80+M80+O80+Q80+S80+U80+W80+Y80+AA80 -> 1047386 | AD80: =Z80/31-X80/30 -> -22.44086 | AE80: =AA80/31-Y80/30 -> -123.03387 | AF80: =AB80/SUM($AB$80:$AB$95) -> 0.32911439 | AG80: =AC80/SUM($AC$80:$AC$95) -> 0.38251727 | AH80: =AG80+AG81+AG87 -> 0.43925759 | AI80: =AG83 -> 0.16531357 | AJ80: =AG82 -> 0.063262155 | AK80: =AG85+AG84 -> 0.22313133
C81: 汤粉面 | X81: 5786 | Y81: 41361.49 | Z81: 5092 | AA81: 35085.36 | AB81: =D81+F81+H81+J81+L81+N81+P81+R81+T81+V81+X81+Z81 -> 10878 | AC81: =E81+G81+I81+K81+M81+O81+Q81+S81+U81+W81+Y81+AA81 -> 76446.85 | AD81: =Z81/31-X81/30 -> -28.608602 | AE81: =AA81/31-Y81/30 -> -246.93053 | AF81: =AB81/SUM($AB$80:$AB$95) -> 0.020190771 | AG81: =AC81/SUM($AC$80:$AC$95) -> 0.027919259
C82: 甜品类&饮料 | D82: 4629 | E82: 12428.46 | F82: 4892 | G82: 13332.4 | H82: 4422 | I82: 11726.93 | J82: 5299 | K82: 13623.35 | L82: 5418 | M82: 14292.64 | N82: 5537 | O82: 14587.07 | P82: =84+6586 -> 6670 | Q82: =171.37+17197.91 -> 17369.28 | R82: =177+5937 -> 6114 | S82: =347.02+15550.35 -> 15897.37 | T82: =5078+178 -> 5256 | U82: =13079.15+323.5 -> 13402.65 | V82: =794+4357+410 -> 5561 | W82: =1571.49+11808.44+883.07 -> 14263 | X82: 6009 | Y82: 15363.91 | Z82: 6606 | AA82: 16933.6 | AB82: =D82+F82+H82+J82+L82+N82+P82+R82+T82+V82+X82+Z82 -> 66413 | AC82: =E82+G82+I82+K82+M82+O82+Q82+S82+U82+W82+Y82+AA82 -> 173220.66 | AD82: =Z82/31-X82/30 -> 12.796774 | AE82: =AA82/31-Y82/30 -> 34.114828 | AF82: =AB82/SUM($AB$80:$AB$95) -> 0.12326987 | AG82: =AC82/SUM($AC$80:$AC$95) -> 0.063262155
C83: 小吃类 | D83: 9770 | E83: 36790.51 | F83: 9797 | G83: 35975.18 | H83: 9576 | I83: 35480.54 | J83: 10860 | K83: 36844.69 | L83: =11853-42 -> 11811 | M83: =39158.12-346.31 -> 38811.81 | N83: 12266 | O83: 39238.11 | P83: =144+13816+73 -> 14033 | Q83: =301.87+43241.69+103.34 -> 43646.9 | R83: =653+13352+15 -> 14020 | S83: =984.41+43419.94+108.27 -> 44512.62 | T83: =9012+797+502 -> 10311 | U83: =33278.79+2384.47+573.94 -> 36237.2 | V83: =10143+1279 -> 11422 | W83: =37881.61+2227.12 -> 40108.73 | X83: 12032 | Y83: 28714.28 | Z83: 13182 | AA83: 36291.18 | AB83: =D83+F83+H83+J83+L83+N83+P83+R83+T83+V83+X83+Z83 -> 139080 | AC83: =E83+G83+I83+K83+M83+O83+Q83+S83+U83+W83+Y83+AA83 -> 452651.75 | AD83: =Z83/31-X83/30 -> 24.15914 | AE83: =AA83/31-Y83/30 -> 213.54056 | AF83: =AB83/SUM($AB$80:$AB$95) -> 0.25814786 | AG83: =AC83/SUM($AC$80:$AC$95) -> 0.16531357
C84: 炒饭类 | D84: 861 | E84: 10010.86 | F84: 859 | G84: 9890.8 | H84: 924 | I84: 10535.82 | J84: 1069 | K84: 11774.47 | L84: 1000 | M84: 10780.2 | N84: 1109 | O84: 11651.7 | P84: =37+1003 -> 1040 | Q84: =375.63+9939.02 -> 10314.65 | R84: =75+983 -> 1058 | S84: =716.81+10198.11 -> 10914.92 | T84: =1007+99 -> 1106 | U84: =10075.77+934.51 -> 11010.28 | V84: =748+149+185 -> 1082 | W84: =8111.58+1096.54+1742.57 -> 10950.69 | X84: 1128 | Y84: 11472.97 | Z84: 1517 | AA84: 15275.7 | AB84: =D84+F84+H84+J84+L84+N84+P84+R84+T84+V84+X84+Z84 -> 12753 | AC84: =E84+G84+I84+K84+M84+O84+Q84+S84+U84+W84+Y84+AA84 -> 134583.06 | AD84: =Z84/31-X84/30 -> 11.335484 | AE84: =AA84/31-Y84/30 -> 110.33218 | AF84: =AB84/SUM($AB$80:$AB$95) -> 0.023670978 | AG84: =AC84/SUM($AC$80:$AC$95) -> 0.049151264
C85: 盖浇饭类 | D85: 1904 | E85: 30134.81 | F85: 1844 | G85: 29073.55 | H85: 2113 | I85: 33295.26 | J85: 2566 | K85: 39074.69 | L85: 2948 | M85: 38920.6 | N85: 4063 | O85: 42422.51 | P85: =56+3971 -> 4027 | Q85: =786.54+39235.54 -> 40022.08 | R85: =166+2390 -> 2556 | S85: =2199.07+34650 -> 36849.07 | T85: =3015+154+2 -> 3171 | U85: =43663.94+1991.03+32.24 -> 45687.21 | V85: =3000+17+466+21 -> 3504 | W85: =43503.2+212.66+6049.58+324.41 -> 50089.85 | X85: 3287 | Y85: 47117.18 | Z85: 3086 | AA85: 43695.04 | AB85: =D85+F85+H85+J85+L85+N85+P85+R85+T85+V85+X85+Z85 -> 35069 | AC85: =E85+G85+I85+K85+M85+O85+Q85+S85+U85+W85+Y85+AA85 -> 476381.85 | AD85: =Z85/31-X85/30 -> -10.01828 | AE85: =AA85/31-Y85/30 -> -161.05525 | AF85: =AB85/SUM($AB$80:$AB$95) -> 0.065091942 | AG85: =AC85/SUM($AC$80:$AC$95) -> 0.17398007
C86: 小碗菜 | P86: =4+66 -> 70 | Q86: =25.85+379.12 -> 404.97 | R86: =37+210 -> 247 | S86: =233.1+1194.64 -> 1427.74 | T86: =196+49 -> 245 | U86: =911.64+250.86 -> 1162.5 | V86: =74+56 -> 130 | W86: =430.05+429.61 -> 859.66 | X86: 0 | Y86: 0 | Z86: 0 | AA86: 0 | AB86: =D86+F86+H86+J86+L86+N86+P86+R86+T86+V86+X86+Z86 -> 692 | AC86: =E86+G86+I86+K86+M86+O86+Q86+S86+U86+W86+Y86+AA86 -> 3854.87 | AD86: =Z86/31-X86/30 -> 0 | AE86: =AA86/31-Y86/30 -> 0 | AF86: =AB86/SUM($AB$80:$AB$95) -> 0.0012844285 | AG86: =AC86/SUM($AC$80:$AC$95) -> 0.0014078424
C87: 生烫类 | D87: 720 | E87: 8799.08 | F87: 662 | G87: 8436.56 | H87: 651 | I87: 8489.9 | J87: 653 | K87: 8410.5 | L87: 454 | M87: 6172.66 | N87: 400 | O87: 5269.83 | P87: =2+404 -> 406 | Q87: =19.92+5292.87 -> 5312.79 | R87: 329 | S87: 4641.55 | T87: =392 -> 392 | U87: =5580.46 -> 5580.46 | V87: =367 -> 367 | W87: =5233.23 -> 5233.23 | X87: 429 | Y87: 6078.75 | Z87: 497 | AA87: 6490.8 | AB87: =D87+F87+H87+J87+L87+N87+P87+R87+T87+V87+X87+Z87 -> 5960 | AC87: =E87+G87+I87+K87+M87+O87+Q87+S87+U87+W87+Y87+AA87 -> 78916.11 | AD87: =Z87/31-X87/30 -> 1.7322581 | AE87: =AA87/31-Y87/30 -> 6.7556452 | AF87: =AB87/SUM($AB$80:$AB$95) -> 0.011062419 | AG87: =AC87/SUM($AC$80:$AC$95) -> 0.028821061
C88: 浇头类 | D88: 289 | E88: 986.85 | F88: 292 | G88: 1068.44 | H88: 313 | I88: 874 | J88: 344 | K88: 1001 | L88: 309 | M88: 1110.88 | N88: 269 | O88: 830.72 | P88: 294 | Q88: 674.17 | R88: 356 | S88: 1004.05 | T88: =33+276 -> 309 | U88: =184.82+676.47 -> 861.29 | V88: =309+34 -> 343 | W88: =771.55+144.5 -> 916.05 | X88: 316 | Y88: 815.96 | Z88: 298 | AA88: 669.07 | AB88: =D88+F88+H88+J88+L88+N88+P88+R88+T88+V88+X88+Z88 -> 3732 | AC88: =E88+G88+I88+K88+M88+O88+Q88+S88+U88+W88+Y88+AA88 -> 10812.48 | AD88: =Z88/31-X88/30 -> -0.92043011 | AE88: =AA88/31-Y88/30 -> -5.6157634 | AF88: =AB88/SUM($AB$80:$AB$95) -> 0.0069270047 | AG88: =AC88/SUM($AC$80:$AC$95) -> 0.0039488407
C89: 套餐类 | D89: 828 | E89: 7700.27 | F89: 742 | G89: 6831.74 | H89: 884 | I89: 7629.65 | J89: =1261+43 -> 1304 | K89: =11147.06+470.45 -> 11617.51 | L89: =54+1747 -> 1801 | M89: =625.38+15739.63 -> 16365.01 | N89: =10+1353+96+1 -> 1460 | O89: =78+12485.9+1214.73+7.2 -> 13785.83 | P89: =176+1921+43+1 -> 2141 | Q89: =18092.51+2245.94+622.76+6.94 -> 20968.15 | R89: =128+1425+148 -> 1701 | S89: =1642.37+14164.21+2041.23 -> 17847.81 | T89: =95+926+94 -> 1115 | U89: =1133.09+9331.94+1107.72 -> 11572.75 | V89: =1042+9+291 -> 1342 | W89: =10372.9+97+3677.69 -> 14147.59 | X89: 1900 | Y89: 19077.33 | Z89: 3057 | AA89: 27172.64 | AB89: =D89+F89+H89+J89+L89+N89+P89+R89+T89+V89+X89+Z89 -> 18275 | AC89: =E89+G89+I89+K89+M89+O89+Q89+S89+U89+W89+Y89+AA89 -> 174716.28 | AD89: =Z89/31-X89/30 -> 35.27957 | AE89: =AA89/31-Y89/30 -> 240.62577 | AF89: =AB89/SUM($AB$80:$AB$95) -> 0.033920421 | AG89: =AC89/SUM($AC$80:$AC$95) -> 0.063808372
C90: 养生粥类&汤 | D90: 1197 | E90: 3209.75 | F90: 1069 | G90: 2851.07 | H90: 1165 | I90: 3099.59 | J90: 1275 | K90: 3706.09 | L90: 1258 | M90: 3568.4 | N90: 1232 | O90: 3556.21 | P90: 1113 | Q90: 2890.61 | R90: 1097 | S90: 2824.23 | T90: =1092+16+10 -> 1118 | U90: =2796.97+35.28+25.11 -> 2857.36 | V90: =1153+27+2+36 -> 1218 | W90: =4811.09+139.65+7.1+146.45 -> 5104.29 | X90: 816 | Y90: 6658.82 | Z90: 678 | AA90: 5402.54 | AB90: =D90+F90+H90+J90+L90+N90+P90+R90+T90+V90+X90+Z90 -> 13236 | AC90: =E90+G90+I90+K90+M90+O90+Q90+S90+U90+W90+Y90+AA90 -> 45728.96 | AD90: =Z90/31-X90/30 -> -5.3290323 | AE90: =AA90/31-Y90/30 -> -47.685183 | AF90: =AB90/SUM($AB$80:$AB$95) -> 0.02456748 | AG90: =AC90/SUM($AC$80:$AC$95) -> 0.016700736
C91: 鲜食类 | D91: 401 | E91: 2926.2 | F91: 162 | G91: 791.6 | H91: 55 | I91: 263 | J91: 171 | K91: 999.87 | L91: 58 | M91: 386.8 | N91: 75 | O91: 392.8 | P91: 91 | Q91: 681.4 | R91: 100 | S91: 689.32 | T91: =110 -> 110 | U91: =684.48 -> 684.48 | V91: 163 | W91: 1037.85 | X91: 88 | Y91: 421.72 | Z91: 27 | AA91: 369 | AB91: =D91+F91+H91+J91+L91+N91+P91+R91+T91+V91+X91+Z91 -> 1501 | AC91: =E91+G91+I91+K91+M91+O91+Q91+S91+U91+W91+Y91+AA91 -> 9644.04 | AD91: =Z91/31-X91/30 -> -2.0623656 | AE91: =AA91/31-Y91/30 -> -2.1541075 | AF91: =AB91/SUM($AB$80:$AB$95) -> 0.002786022 | AG91: =AC91/SUM($AC$80:$AC$95) -> 0.0035221131
C92: 下单&收藏福利&活动菜品（凉面） | J92: 456 | K92: 806.69 | L92: 1032 | M92: 2104.82 | N92: 1752 | O92: 3450.65 | P92: 3084 | Q92: 6364.22 | R92: 2458 | S92: 6509.99 | T92: =3501+90 -> 3591 | U92: =5710.24+260.53 -> 5970.77 | V92: =2866+45 -> 2911 | W92: =4979.03+78.78 -> 5057.81 | X92: 0 | Y92: 0 | Z92: 0 | AA92: 0 | AB92: =D92+F92+H92+J92+L92+N92+P92+R92+T92+V92+X92+Z92 -> 15284 | AC92: =E92+G92+I92+K92+M92+O92+Q92+S92+U92+W92+Y92+AA92 -> 30264.95 | AD92: =Z92/31-X92/30 -> 0 | AE92: =AA92/31-Y92/30 -> 0 | AF92: =AB92/SUM($AB$80:$AB$95) -> 0.028368794 | AG92: =AC92/SUM($AC$80:$AC$95) -> 0.011053104
C93: 餐具小料米饭 | J93: 1234 | K93: 57.15 | L93: 1489 | M93: 62.53 | N93: 1631 | O93: 51.77 | P93: =192+3099 -> 3291 | Q93: =8.75+107.25 -> 116 | R93: =1482+404 -> 1886 | S93: =18.36+103.32 -> 121.68 | T93: =184+3160+759 -> 4103 | U93: =8.41+273+62.78 -> 344.19 | V93: =2520+2467 -> 4987 | W93: =177.65+168.91 -> 346.56 | X93: 5255 | Y93: 306.43 | Z93: 6107 | AA93: 418.63 | AB93: =D93+F93+H93+J93+L93+N93+P93+R93+T93+V93+X93+Z93 -> 29983 | AC93: =E93+G93+I93+K93+M93+O93+Q93+S93+U93+W93+Y93+AA93 -> 1824.94 | AD93: =Z93/31-X93/30 -> 21.833333 | AE93: =AA93/31-Y93/30 -> 3.2898602 | AF93: =AB93/SUM($AB$80:$AB$95) -> 0.055651764 | AG93: =AC93/SUM($AC$80:$AC$95) -> 0.00066648884
C94: 调味小料&米饭 | J94: 502 | K94: 72.13 | L94: 784 | M94: 284.47 | N94: 1160 | O94: 227.95 | P94: =1645+564+60 -> 2269 | Q94: =27.88+346.39+8.56 -> 382.83 | R94: =454+3422 -> 3876 | S94: =49.27+344.31 -> 393.58 | AB94: =D94+F94+H94+J94+L94+N94+P94+R94+T94+V94+X94+Z94 -> 8591 | AC94: =E94+G94+I94+K94+M94+O94+Q94+S94+U94+W94+Y94+AA94 -> 1360.96 | AD94: =Z94/31-X94/30 -> 0 | AE94: =AA94/31-Y94/30 -> 0 | AF94: =AB94/SUM($AB$80:$AB$95) -> 0.015945846 | AG94: =AC94/SUM($AC$80:$AC$95) -> 0.00049703807
C95: 外卖餐盒费 | U95: 3388.52 | W95: =4994.93+2.52 -> 4997.45 | Y95: 5082.61 | AA95: 6878.06 | AB95: =D95+F95+H95+J95+L95+N95+P95+R95+T95+V95+X95+Z95 -> 0 | AC95: =E95+G95+I95+K95+M95+O95+Q95+S95+U95+W95+Y95+AA95 -> 20346.64 | AD95: =Z95/31-X95/30 -> 0 | AE95: =AA95/31-Y95/30 -> 52.45257 | AF95: =AB95/SUM($AB$80:$AB$95) -> 0 | AG95: =AC95/SUM($AC$80:$AC$95) -> 0.0074308243
A96: 大型 | B96: 华科店 | C96: 热干系列 | D96: 27232 | E96: 182425.38 | F96: 27079 | G96: 177949.53 | H96: 27256 | I96: 179399.71 | J96: 24957 | K96: 163962.86 | L96: 25554 | M96: 167792.89 | N96: 23194 | O96: 152379.96 | P96: 28443 | Q96: 184329.4 | R96: 30413 | S96: 196471.35 | T96: =24486+739+14 -> 25239 | U96: =153029.12+9549.07+79.93 -> 162658.12 | V96: =24315+195 -> 24510 | W96: =156939.84+1250.7 -> 158190.54 | X96: 14503 | Y96: 80999.4 | Z96: 14852 | AA96: 82526.03 | AB96: =D96+F96+H96+J96+L96+N96+P96+R96+T96+V96+X96+Z96 -> 293232 | AC96: =E96+G96+I96+K96+M96+O96+Q96+S96+U96+W96+Y96+AA96 -> 1889085.2 | AD96: =Z96/31-X96/30 -> -4.3365591 | AE96: =AA96/31-Y96/30 -> -37.85 | AF96: =AB96/SUM($AB$96:$AB$114) -> 0.33350895 | AG96: =AC96/SUM($AC$96:$AC$114) -> 0.33864622 | AH96: =AG96+AG97+AG99 -> 0.36593776 | AI96: =AG102 -> 0.087693834 | AJ96: =AG107 -> 0.071611621 | AK96: =AG108+AG109+AG106 -> 0.41310126
C97: 汤粉面 | X97: 8535 | Y97: 63834.96 | Z97: 8996 | AA97: 67815.89 | AB97: =D97+F97+H97+J97+L97+N97+P97+R97+T97+V97+X97+Z97 -> 17531 | AC97: =E97+G97+I97+K97+M97+O97+Q97+S97+U97+W97+Y97+AA97 -> 131650.85 | AD97: =Z97/31-X97/30 -> 5.6935484 | AE97: =AA97/31-Y97/30 -> 59.777355 | AF97: =AB97/SUM($AB$96:$AB$114) -> 0.019938975 | AG97: =AC97/SUM($AC$96:$AC$114) -> 0.023600345
C98: 营养汤类 | D98: 307 | E98: 2659.24 | F98: 226 | G98: 1983.45 | H98: 341 | I98: 2898.07 | J98: 281 | K98: 2503.15 | L98: 158 | M98: 1409.07 | V98: =132 -> 132 | W98: =1175.75 -> 1175.75 | X98: 344 | Y98: 2918.08 | Z98: 419 | AA98: 3251.35 | AB98: =D98+F98+H98+J98+L98+N98+P98+R98+T98+V98+X98+Z98 -> 2208 | AC98: =E98+G98+I98+K98+M98+O98+Q98+S98+U98+W98+Y98+AA98 -> 18798.16 | AD98: =Z98/31-X98/30 -> 2.0494624 | AE98: =AA98/31-Y98/30 -> 7.6129247 | AF98: =AB98/SUM($AB$96:$AB$114) -> 0.0025112803 | AG98: =AC98/SUM($AC$96:$AC$114) -> 0.0033698458
C99: 生烫类 | X99: 749 | Y99: 9450.72 | Z99: 852 | AA99: 11140.04 | AB99: =D99+F99+H99+J99+L99+N99+P99+R99+T99+V99+X99+Z99 -> 1601 | AC99: =E99+G99+I99+K99+M99+O99+Q99+S99+U99+W99+Y99+AA99 -> 20590.76 | AD99: =Z99/31-X99/30 -> 2.5172043 | AE99: =AA99/31-Y99/30 -> 44.332129 | AF99: =AB99/SUM($AB$96:$AB$114) -> 0.0018209057 | AG99: =AC99/SUM($AC$96:$AC$114) -> 0.0036911957
C100: 养生粥类 | D100: 1053 | E100: 2988.08 | F100: 942 | G100: 2752.51 | H100: 1094 | I100: 3248.21 | J100: 1050 | K100: 3063.05 | L100: 989 | M100: 2870.57 | N100: 896 | O100: 2624.16 | P100: 973 | Q100: 2842.04 | R100: 1017 | S100: 2934.48 | T100: =492 -> 492 | U100: =1416.22 -> 1416.22 | V100: =1 -> 1 | W100: =3 -> 3 | X100: 709 | Y100: 2072.34 | Z100: 906 | AA100: 2615.38 | AB100: =D100+F100+H100+J100+L100+N100+P100+R100+T100+V100+X100+Z100 -> 10122 | AC100: =E100+G100+I100+K100+M100+O100+Q100+S100+U100+W100+Y100+AA100 -> 29430.04 | AD100: =Z100/31-X100/30 -> 5.5924731 | AE100: =AA100/31-Y100/30 -> 15.289097 | AF100: =AB100/SUM($AB$96:$AB$114) -> 0.01151231 | AG100: =AC100/SUM($AC$96:$AC$114) -> 0.0052757662
...

Sheet 2025年市场部类营业额统计表-堂食
A1: 2025年市场部类营业额统计表-堂食
A2: 店型 | B2: 门店名称 | C2: 部类 | D2: 11月 | F2: 12月 | H2: 合计 | J2: 销售量占比 | K2: 销售额占比
D3: 销售数量 | E3: 销售额 | F3: 销售数量 | G3: 销售额 | H3: 销售数量 | I3: 销售额
A4: 小型 | B4: 步行街店 | C4: 小吃类 | D4: 5942 | E4: 17030.71
C5: 热干类 | D5: 2640 | E5: 16944.37
C6: 汤粉面 | D6: =230+2433 -> 2663 | E6: =1610+18719.47 -> 20329.47
C7: 甜品类 | D7: 2372 | E7: 6886.6
C8: 套餐系列 | D8: 3081 | E8: 26127.94
C9: 养生粥类 | D9: 993 | E9: 2519
C10: 炒饭类 | D10: 689 | E10: 6967.71
C11: 鲜烫系列 | D11: 542 | E11: 7498.38
C12: 鲜食类 | D12: 111 | E12: 532
C13: 浇头类 | D13: 59 | E13: 133.5
C14: 盖浇饭 | D14: 569 | E14: 7187.1
B15: 十一小区店 | C15: 小吃类 | D15: 6645 | E15: 22468.49 | F15: =145+5926 -> 6071 | G15: =289.91+17907.46 -> 18197.37 | H15: =D15+F15 -> 12716 | I15: =E15+G15 -> 40665.86 | J15: =H15/SUM($H$15:$H$24) -> 0.28236444 | K15: =I15/SUM($I$15:$I$27) -> 0.16080954 | L15: =K16+K18+K22 -> 0.45142786
C16: 热干系列 | D16: 5096 | E16: 32795.79 | F16: =49+5200 -> 5249 | G16: =484+33155.76 -> 33639.76 | H16: =D16+F16 -> 10345 | I16: =E16+G16 -> 66435.55 | J16: =H16/SUM($H$15:$H$24) -> 0.22971533 | K16: =I16/SUM($I$15:$I$27) -> 0.2627135
C17: 饮品 | D17: 4548 | E17: 12271.02 | F17: =591+4078 -> 4669 | G17: =1690.72+10967.15 -> 12657.87 | H17: =D17+F17 -> 9217 | I17: =E17+G17 -> 24928.89 | J17: =H17/SUM($H$15:$H$24) -> 0.20466758 | K17: =I17/SUM($I$15:$I$27) -> 0.098579089
C18: 汤粉面 | D18: 2121 | E18: 17467.36 | F18: =1456+1252 -> 2708 | G18: =14495.11+7504.2 -> 21999.31 | H18: =D18+F18 -> 4829 | I18: =E18+G18 -> 39466.67 | J18: =H18/SUM($H$15:$H$24) -> 0.10723009 | K18: =I18/SUM($I$15:$I$27) -> 0.15606745
C19: 套餐 | D19: 2083 | E19: 18937.66 | F19: 1808 | G19: 16652.62 | H19: =D19+F19 -> 3891 | I19: =E19+G19 -> 35590.28 | J19: =H19/SUM($H$15:$H$24) -> 0.086401386 | K19: =I19/SUM($I$15:$I$27) -> 0.14073861
C20: 炒饭类 | D20: 597 | E20: 6017.44 | F20: 586 | G20: 6023.86 | H20: =D20+F20 -> 1183 | I20: =E20+G20 -> 12041.3 | J20: =H20/SUM($H$15:$H$24) -> 0.026269041 | K20: =I20/SUM($I$15:$I$27) -> 0.047616255
C21: 鲜食类 | D21: 134 | E21: 560.69 | F21: =95+151 -> 246 | G21: =380+762 -> 1142 | H21: =D21+F21 -> 380 | I21: =E21+G21 -> 1702.69 | J21: =H21/SUM($H$15:$H$24) -> 0.008438069 | K21: =I21/SUM($I$15:$I$27) -> 0.0067331369 | L21: =K20+K23 -> 0.13972525
C22: 生烫类 | D22: 268 | E22: 3795.82 | F22: =20+294 -> 314 | G22: =360+4100 -> 4460 | H22: =D22+F22 -> 582 | I22: =E22+G22 -> 8255.82 | J22: =H22/SUM($H$15:$H$24) -> 0.012923569 | K22: =I22/SUM($I$15:$I$27) -> 0.032646909
C23: 盖浇饭 | D23: 641 | E23: 9888.45 | F23: =32+445+398 -> 875 | G23: =416+6588.27+6400 -> 13404.27 | H23: =D23+F23 -> 1516 | I23: =E23+G23 -> 23292.72 | J23: =H23/SUM($H$15:$H$24) -> 0.033663454 | K23: =I23/SUM($I$15:$I$27) -> 0.092109
C24: 加料类 | D24: 180 | E24: 241.89 | F24: =4+191 -> 195 | G24: =32+228.46 -> 260.46 | H24: =D24+F24 -> 375 | I24: =E24+G24 -> 502.35 | J24: =H24/SUM($H$15:$H$24) -> 0.0083270418 | K24: =I24/SUM($I$15:$I$27) -> 0.0019864986
C25: 下单福利 | H25: =D25+F25 -> 0 | I25: =E25+G25 -> 0 | J25: =H25/SUM($H$15:$H$24) -> 0 | K25: =I25/SUM($I$15:$I$27) -> 0
C26: 餐具小料米饭 | H26: =D26+F26 -> 0 | I26: =E26+G26 -> 0 | J26: =H26/SUM($H$15:$H$24) -> 0 | K26: =I26/SUM($I$15:$I$27) -> 0
C27: 外卖餐盒费 | H27: =D27+F27 -> 0 | I27: =E27+G27 -> 0 | J27: =H27/SUM($H$15:$H$24) -> 0 | K27: =I27/SUM($I$15:$I$27) -> 0
B28: 工厂店 | C28: 热干系列 | D28: 7547 | E28: 42417.14 | F28: 7773 | G28: 43176.71 | H28: =D28+F28 -> 15320 | I28: =E28+G28 -> 85593.85 | J28: =H28/SUM($H$28:$H$40) -> 0.23828411 | K28: =I28/SUM($I$28:$I$40) -> 0.26034179 | L28: =K28+K29 -> 0.39219751
C29: 汤粉面 | D29: =420+2603 -> 3023 | E29: =3780+17716.94 -> 21496.94 | F29: 3258 | G29: 21853.91 | H29: =D29+F29 -> 6281 | I29: =E29+G29 -> 43350.85 | J29: =H29/SUM($H$28:$H$40) -> 0.097693373 | K29: =I29/SUM($I$28:$I$40) -> 0.13185571
C30: 小吃类 | D30: 9272 | E30: 32177.73 | F30: 9628 | G30: 35087.99 | H30: =D30+F30 -> 18900 | I30: =E30+G30 -> 67265.72 | J30: =H30/SUM($H$28:$H$40) -> 0.29396668 | K30: =I30/SUM($I$28:$I$40) -> 0.20459505
C31: 饮品甜品类 | D31: 7058 | E31: 18174.87 | F31: 7422 | G31: 18841.79 | H31: =D31+F31 -> 14480 | I31: =E31+G31 -> 37016.66 | J31: =H31/SUM($H$28:$H$40) -> 0.22521892 | K31: =I31/SUM($I$28:$I$40) -> 0.11258967
C32: 蒸蛋 | H32: =D32+F32 -> 0 | I32: =E32+G32 -> 0 | J32: =H32/SUM($H$28:$H$40) -> 0 | K32: =I32/SUM($I$28:$I$40) -> 0
C33: 浇头类 | D33: =824 -> 824 | E33: 902.38 | F33: 666 | G33: 943.94 | H33: =D33+F33 -> 1490 | I33: =E33+G33 -> 1846.32 | J33: =H33/SUM($H$28:$H$40) -> 0.023175151 | K33: =I33/SUM($I$28:$I$40) -> 0.005615757
C34: 套餐 | D34: =141+395 -> 536 | E34: =1261.9+2837.4 -> 4099.3 | F34: =4+754 -> 758 | G34: =32.7+5626.59 -> 5659.29 | H34: =D34+F34 -> 1294 | I34: =E34+G34 -> 9758.59 | J34: =H34/SUM($H$28:$H$40) -> 0.020126608 | K34: =I34/SUM($I$28:$I$40) -> 0.029681675
C35: 活动菜品&福利 | H35: =D35+F35 -> 0 | I35: =E35+G35 -> 0 | J35: =H35/SUM($H$28:$H$40) -> 0 | K35: =I35/SUM($I$28:$I$40) -> 0
C36: 鲜食小包装 | D36: =485 -> 485 | E36: =4935.5 -> 4935.5 | F36: 429 | G36: 4994 | H36: =D36+F36 -> 914 | I36: =E36+G36 -> 9929.5 | J36: =H36/SUM($H$28:$H$40) -> 0.014216167 | K36: =I36/SUM($I$28:$I$40) -> 0.030201514 | L36: =K38+K37 -> 0.22511882
C37: 炒饭类 | D37: 1124 | E37: 11402.32 | F37: 1185 | G37: 12575.11 | H37: =D37+F37 -> 2309 | I37: =E37+G37 -> 23977.43 | J37: =H37/SUM($H$28:$H$40) -> 0.035913708 | K37: =I37/SUM($I$28:$I$40) -> 0.072929622
C38: 盖浇饭 | D38: 1591 | E38: 24053.95 | F38: 1714 | G38: 25982.04 | H38: =D38+F38 -> 3305 | I38: =E38+G38 -> 50035.99 | J38: =H38/SUM($H$28:$H$40) -> 0.051405285 | K38: =I38/SUM($I$28:$I$40) -> 0.1521892
C39: 餐具小料 | H39: =D39+F39 -> 0 | I39: =E39+G39 -> 0 | J39: =H39/SUM($H$28:$H$40) -> 0 | K39: =I39/SUM($I$28:$I$40) -> 0
C40: 外卖餐盒费 | H40: =D40+F40 -> 0 | I40: =E40+G40 -> 0 | J40: =H40/SUM($H$28:$H$40) -> 0 | K40: =I40/SUM($I$28:$I$40) -> 0
B41: 蔡甸中百 | C41: 热干系列 | D41: =5372 -> 5372 | E41: =29097.9 -> 29097.9 | F41: 5683 | G41: 30367.4 | H41: =D41+F41 -> 11055 | I41: =E41+G41 -> 59465.3 | J41: =H41/SUM($H$41:$H$52) -> 0.32734218 | K41: =I41/SUM($I$41:$I$52) -> 0.35822362
C42: 饮品类 | D42: =3341 -> 3341 | E42: =8374.82 -> 8374.82 | F42: 3844 | G42: 9377.05 | H42: =D42+F42 -> 7185 | I42: =E42+G42 -> 17751.87 | J42: =H42/SUM($H$41:$H$52) -> 0.21275021 | K42: =I42/SUM($I$41:$I$52) -> 0.10693865
C43: 汤粉面 | D43: =1049+1546 -> 2595 | E43: =7830.29+9591.65 -> 17421.94 | F43: 2685 | G43: 16956.58 | H43: =D43+F43 -> 5280 | I43: =E43+G43 -> 34378.52 | J43: =H43/SUM($H$41:$H$52) -> 0.15634253 | K43: =I43/SUM($I$41:$I$52) -> 0.20709889
C44: 小吃类 | D44: =2739 -> 2739 | E44: =7104.96 -> 7104.96 | F44: 3546 | G44: 10794.48 | H44: =D44+F44 -> 6285 | I44: =E44+G44 -> 17899.44 | J44: =H44/SUM($H$41:$H$52) -> 0.18610091 | K44: =I44/SUM($I$41:$I$52) -> 0.10782763
C45: 盖码饭 | D45: =163 -> 163 | E45: =2866.47 -> 2866.47 | F45: 116 | G45: 2051.03 | H45: =D45+F45 -> 279 | I45: =E45+G45 -> 4917.5 | J45: =H45/SUM($H$41:$H$52) -> 0.0082612815 | K45: =I45/SUM($I$41:$I$52) -> 0.029623405
C46: 加价 | D46: =67 -> 67 | E46: =137.26 -> 137.26 | F46: 186 | G46: 216.23 | H46: =D46+F46 -> 253 | I46: =E46+G46 -> 353.49 | J46: =H46/SUM($H$41:$H$52) -> 0.007491413 | K46: =I46/SUM($I$41:$I$52) -> 0.0021294514
C47: 炒饭类 | D47: =713 -> 713 | E47: =7074.89 -> 7074.89 | F47: 863 | G47: 8586.11 | H47: =D47+F47 -> 1576 | I47: =E47+G47 -> 15661 | J47: =H47/SUM($H$41:$H$52) -> 0.046665877 | K47: =I47/SUM($I$41:$I$52) -> 0.094343089
C48: 掺汤类 | D48: =20 -> 20 | E48: =271 -> 271 | F48: 16 | G48: 220 | H48: =D48+F48 -> 36 | I48: =E48+G48 -> 491 | J48: =H48/SUM($H$41:$H$52) -> 0.0010659718 | K48: =I48/SUM($I$41:$I$52) -> 0.0029578224
C49: 套餐类 | D49: =982 -> 982 | E49: =8498.91 -> 8498.91 | F49: 841 | G49: 6583.47 | H49: =D49+F49 -> 1823 | I49: =E49+G49 -> 15082.38 | J49: =H49/SUM($H$41:$H$52) -> 0.053979628 | K49: =I49/SUM($I$41:$I$52) -> 0.090857437
C50: 下单福利 | H50: =D50+F50 -> 0 | I50: =E50+G50 -> 0 | J50: =H50/SUM($H$41:$H$52) -> 0 | K50: =I50/SUM($I$41:$I$52) -> 0
C51: 餐具小料 | H51: =D51+F51 -> 0 | I51: =E51+G51 -> 0 | J51: =H51/SUM($H$41:$H$52) -> 0 | K51: =I51/SUM($I$41:$I$52) -> 0
C52: 外卖餐盒类 | H52: =D52+F52 -> 0 | I52: =E52+G52 -> 0 | J52: =H52/SUM($H$41:$H$52) -> 0 | K52: =I52/SUM($I$41:$I$52) -> 0
B53: 铁机路店 | C53: 热干面类 | D53: =7842 -> 7842 | E53: =42904.21 -> 42904.21 | F53: 8410 | G53: 45848.79 | H53: =D53+F53 -> 16252 | I53: =E53+G53 -> 88753 | J53: =H53/SUM($H$53:$H$65) -> 0.37073705 | K53: =I53/SUM($I$53:$I$65) -> 0.35335195 | L53: =K53+K56+K59 -> 0.60316155
C54: 小吃 | D54: =2760 -> 2760 | E54: =5240.25 -> 5240.25 | F54: 3420 | G54: 6699.1 | H54: =D54+F54 -> 6180 | I54: =E54+G54 -> 11939.35 | J54: =H54/SUM($H$53:$H$65) -> 0.1409768 | K54: =I54/SUM($I$53:$I$65) -> 0.047534085
C55: 饮品 | D55: =3184 -> 3184 | E55: =8728.05 -> 8728.05 | F55: 3755 | G55: 10239.23 | H55: =D55+F55 -> 6939 | I55: =E55+G55 -> 18967.28 | J55: =H55/SUM($H$53:$H$65) -> 0.15829094 | K55: =I55/SUM($I$53:$I$65) -> 0.075514354
C56: 汤粉面类 | D56: =3866 -> 3866 | E56: =25221.56 -> 25221.56 | F56: 3869 | G56: 25404.53 | H56: =D56+F56 -> 7735 | I56: =E56+G56 -> 50626.09 | J56: =H56/SUM($H$53:$H$65) -> 0.17644912 | K56: =I56/SUM($I$53:$I$65) -> 0.20155744
C57: 盖饭类 | D57: =1557 -> 1557 | E57: =23248.14 -> 23248.14 | F57: 1408 | G57: 21073.69 | H57: =D57+F57 -> 2965 | I57: =E57+G57 -> 44321.83 | J57: =H57/SUM($H$53:$H$65) -> 0.067636928 | K57: =I57/SUM($I$53:$I$65) -> 0.17645832 | L57: =K57+K58 -> 0.22002281
C58: 炒饭类 | D58: =519 -> 519 | E58: =5406.71 -> 5406.71 | F58: 522 | G58: 5535.58 | H58: =D58+F58 -> 1041 | I58: =E58+G58 -> 10942.29 | J58: =H58/SUM($H$53:$H$65) -> 0.023747063 | K58: =I58/SUM($I$53:$I$65) -> 0.043564494
C59: 生烫类 | D59: =446 -> 446 | E59: =5973.14 -> 5973.14 | F59: 452 | G59: 6146.57 | H59: =D59+F59 -> 898 | I59: =E59+G59 -> 12119.71 | J59: =H59/SUM($H$53:$H$65) -> 0.020484978 | K59: =I59/SUM($I$53:$I$65) -> 0.048252151
C60: 套餐 | D60: =733 -> 733 | E60: =6174.61 -> 6174.61 | F60: 850 | G60: 7001.04 | H60: =D60+F60 -> 1583 | I60: =E60+G60 -> 13175.65 | J60: =H60/SUM($H$53:$H$65) -> 0.036111048 | K60: =I60/SUM($I$53:$I$65) -> 0.052456161
C61: 加浇头 | D61: =161 -> 161 | E61: =120.8 -> 120.8 | F61: 82 | G61: 188.5 | H61: =D61+F61 -> 243 | I61: =E61+G61 -> 309.3 | J61: =H61/SUM($H$53:$H$65) -> 0.0055432625 | K61: =I61/SUM($I$53:$I$65) -> 0.0012314148
C62: 鲜食系列 | F62: 1 | G62: 20 | H62: =D62+F62 -> 1 | I62: =E62+G62 -> 20 | J62: =H62/SUM($H$53:$H$65) -> 2.281178e-05 | K62: =I62/SUM($I$53:$I$65) -> 7.9625917e-05
C63: 活动菜品&福利 | H63: =D63+F63 -> 0 | I63: =E63+G63 -> 0 | J63: =H63/SUM($H$53:$H$65) -> 0 | K63: =I63/SUM($I$53:$I$65) -> 0
C64: 调料&餐具 | H64: =D64+F64 -> 0 | I64: =E64+G64 -> 0 | J64: =H64/SUM($H$53:$H$65) -> 0 | K64: =I64/SUM($I$53:$I$65) -> 0
C65: 外卖餐盒费 | H65: =D65+F65 -> 0 | I65: =E65+G65 -> 0 | J65: =H65/SUM($H$53:$H$65) -> 0 | K65: =I65/SUM($I$53:$I$65) -> 0
A66: 中型 | B66: 东辉花园店 | C66: 热干面 | D66: =3680 -> 3680 | E66: =20381.92 -> 20381.92 | F66: 3778 | G66: 20836.66 | H66: =D66+F66 -> 7458 | I66: =E66+G66 -> 41218.58 | J66: =H66/SUM($H$66:$H$79) -> 0.28048138 | K66: =I66/SUM($I$66:$I$79) -> 0.23182088
C67: 小吃 | D67: =2290 -> 2290 | E67: =8873.93 -> 8873.93 | F67: 2373 | G67: 8422.49 | H67: =D67+F67 -> 4663 | I67: =E67+G67 -> 17296.42 | J67: =H67/SUM($H$66:$H$79) -> 0.17536668 | K67: =I67/SUM($I$66:$I$79) -> 0.097278249
C68: 浇头 | D68: =41 -> 41 | E68: =93.91 -> 93.91 | F68: 35 | G68: 65.91 | H68: =D68+F68 -> 76 | I68: =E68+G68 -> 159.82 | J68: =H68/SUM($H$66:$H$79) -> 0.0028582174 | K68: =I68/SUM($I$66:$I$79) -> 0.00089885709
C69: 饮品 | D69: =2173 -> 2173 | E69: =6799.74 -> 6799.74 | F69: 2509 | G69: 9522.96 | H69: =D69+F69 -> 4682 | I69: =E69+G69 -> 16322.7 | J69: =H69/SUM($H$66:$H$79) -> 0.17608123 | K69: =I69/SUM($I$66:$I$79) -> 0.091801869
C70: 汤粉面 | D70: =1372+389 -> 1761 | E70: =10398.31+3112 -> 13510.31 | F70: 2065 | G70: 15082.11 | H70: =D70+F70 -> 3826 | I70: =E70+G70 -> 28592.42 | J70: =H70/SUM($H$66:$H$79) -> 0.14388868 | K70: =I70/SUM($I$66:$I$79) -> 0.16080903
C71: 盖浇饭 | D71: 1165 | E71: 17738.76 | F71: 1175 | G71: 17399.9 | H71: =D71+F71 -> 2340 | I71: =E71+G71 -> 35138.66 | J71: =H71/SUM($H$66:$H$79) -> 0.088003009 | K71: =I71/SUM($I$66:$I$79) -> 0.19762629
C72: 鲜烫 | D72: 300 | E72: 4308.76 | F72: 280 | G72: 4010 | H72: =D72+F72 -> 580 | I72: =E72+G72 -> 8318.76 | J72: =H72/SUM($H$66:$H$79) -> 0.021812712 | K72: =I72/SUM($I$66:$I$79) -> 0.046786237
C73: 炒饭 | D73: 361 | E73: 3843.44 | F73: 509 | G73: 5227.96 | H73: =D73+F73 -> 870 | I73: =E73+G73 -> 9071.4 | J73: =H73/SUM($H$66:$H$79) -> 0.032719067 | K73: =I73/SUM($I$66:$I$79) -> 0.051019223
C74: 套餐&拼好饭 | D74: 1181 | E74: 11585.03 | F74: 900 | G74: 8739.35 | H74: =D74+F74 -> 2081 | I74: =E74+G74 -> 20324.38 | J74: =H74/SUM($H$66:$H$79) -> 0.078262505 | K74: =I74/SUM($I$66:$I$79) -> 0.11430805
C75: 鲜食系列 | D75: 4 | E75: 35 | F75: 1 | G75: 5 | H75: =D75+F75 -> 5 | I75: =E75+G75 -> 40 | J75: =H75/SUM($H$66:$H$79) -> 0.00018804062 | K75: =I75/SUM($I$66:$I$79) -> 0.00022496736
C76: 火锅 | F76: 9 | G76: 1320.43 | H76: =D76+F76 -> 9 | I76: =E76+G76 -> 1320.43 | J76: =H76/SUM($H$66:$H$79) -> 0.00033847311 | K76: =I76/SUM($I$66:$I$79) -> 0.0074263413
C77: 活动菜品&福利 | H77: =D77+F77 -> 0 | I77: =E77+G77 -> 0 | J77: =H77/SUM($H$66:$H$79) -> 0 | K77: =I77/SUM($I$66:$I$79) -> 0
C78: 调料&餐具 | H78: =D78+F78 -> 0 | I78: =E78+G78 -> 0 | J78: =H78/SUM($H$66:$H$79) -> 0 | K78: =I78/SUM($I$66:$I$79) -> 0
C79: 外卖餐盒费 | H79: =D79+F79 -> 0 | I79: =E79+G79 -> 0 | J79: =H79/SUM($H$66:$H$79) -> 0 | K79: =I79/SUM($I$66:$I$79) -> 0
B80: 新华路店 | C80: 热干系列 | D80: =8851 -> 8851 | E80: =47589.43 -> 47589.43 | F80: 8345 | G80: 44748.1 | H80: =D80+F80 -> 17196 | I80: =E80+G80 -> 92337.53 | J80: =H80/SUM($H$80:$H$91) -> 0.28143566 | K80: =I80/SUM($I$80:$I$91) -> 0.2573753
C81: 汤粉面 | D81: =4066+846 -> 4912 | E81: =28725.04+6737.93 -> 35462.97 | F81: =647+3370 -> 4017 | G81: =8224.05+19795.9 -> 28019.95 | H81: =D81+F81 -> 8929 | I81: =E81+G81 -> 63482.92 | J81: =H81/SUM($H$80:$H$91) -> 0.14613509 | K81: =I81/SUM($I$80:$I$91) -> 0.17694794
C82: 甜品类&饮料 | D82: =4615 -> 4615 | E82: =12630.35 -> 12630.35 | F82: 5051 | G82: 13853.5 | H82: =D82+F82 -> 9666 | I82: =E82+G82 -> 26483.85 | J82: =H82/SUM($H$80:$H$91) -> 0.15819708 | K82: =I82/SUM($I$80:$I$91) -> 0.073819268
C83: 小吃类 | D83: =7088 -> 7088 | E83: =22097.36 -> 22097.36 | F83: 7862 | G83: 29014.74 | H83: =D83+F83 -> 14950 | I83: =E83+G83 -> 51112.1 | J83: =H83/SUM($H$80:$H$91) -> 0.24467685 | K83: =I83/SUM($I$80:$I$91) -> 0.14246636
C84: 炒饭类 | D84: =763 -> 763 | E84: =8512.22 -> 8512.22 | F84: 961 | G84: 11063.84 | H84: =D84+F84 -> 1724 | I84: =E84+G84 -> 19576.06 | J84: =H84/SUM($H$80:$H$91) -> 0.028215577 | K84: =I84/SUM($I$80:$I$91) -> 0.054564967
C85: 盖浇饭类 | D85: =2071 -> 2071 | E85: =32481.98 -> 32481.98 | F85: 1799 | G85: 28468.06 | H85: =D85+F85 -> 3870 | I85: =E85+G85 -> 60950.04 | J85: =H85/SUM($H$80:$H$91) -> 0.063337752 | K85: =I85/SUM($I$80:$I$91) -> 0.16988796
C86: 小碗菜 | H86: =D86+F86 -> 0 | I86: =E86+G86 -> 0 | J86: =H86/SUM($H$80:$H$91) -> 0 | K86: =I86/SUM($I$80:$I$91) -> 0
C87: 生烫类 | D87: =409 -> 409 | E87: =5875.72 -> 5875.72 | F87: 349 | G87: 4944.18 | H87: =D87+F87 -> 758 | I87: =E87+G87 -> 10819.9 | J87: =H87/SUM($H$80:$H$91) -> 0.012405689 | K87: =I87/SUM($I$80:$I$91) -> 0.030158647
C88: 浇头类 | D88: =274 -> 274 | E88: =597.86 -> 597.86 | F88: 269 | G88: 506.13 | H88: =D88+F88 -> 543 | I88: =E88+G88 -> 1103.99 | J88: =H88/SUM($H$80:$H$91) -> 0.0088869249 | K88: =I88/SUM($I$80:$I$91) -> 0.003077186
C89: 套餐类 | D89: =1235 -> 1235 | E89: =11769.96 -> 11769.96 | F89: 1197 | G89: 10669.7 | H89: =D89+F89 -> 2432 | I89: =E89+G89 -> 22439.66 | J89: =H89/SUM($H$80:$H$91) -> 0.039802949 | K89: =I89/SUM($I$80:$I$91) -> 0.06254677
C90: 养生粥类&汤 | D90: =608 -> 608 | E90: =5820.06 -> 5820.06 | F90: 310 | G90: 3849.26 | H90: =D90+F90 -> 918 | I90: =E90+G90 -> 9669.32 | J90: =H90/SUM($H$80:$H$91) -> 0.015024304 | K90: =I90/SUM($I$80:$I$91) -> 0.0269516
C91: 鲜食类 | D91: =88 -> 88 | E91: =421.72 -> 421.72 | F91: 27 | G91: 369 | H91: =D91+F91 -> 115 | I91: =E91+G91 -> 790.72 | J91: =H91/SUM($H$80:$H$91) -> 0.0018821296 | K91: =I91/SUM($I$80:$I$91) -> 0.0022039987
C92: 下单&收藏福利&活动菜品（凉面） | H92: =D92+F92 -> 0 | I92: =E92+G92 -> 0 | J92: =H92/SUM($H$80:$H$91) -> 0 | K92: =I92/SUM($I$80:$I$91) -> 0
C93: 餐具小料米饭 | H93: =D93+F93 -> 0 | I93: =E93+G93 -> 0 | J93: =H93/SUM($H$80:$H$91) -> 0 | K93: =I93/SUM($I$80:$I$91) -> 0
C94: 调味小料&米饭 | H94: =D94+F94 -> 0 | I94: =E94+G94 -> 0 | J94: =H94/SUM($H$80:$H$91) -> 0 | K94: =I94/SUM($I$80:$I$91) -> 0
C95: 外卖餐盒费 | H95: =D95+F95 -> 0 | I95: =E95+G95 -> 0 | J95: =H95/SUM($H$80:$H$91) -> 0 | K95: =I95/SUM($I$80:$I$91) -> 0
A96: 大型 | B96: 华科店 | C96: 热干系列 | D96: =13073 -> 13073 | E96: =73376.55 -> 73376.55 | F96: 13099 | G96: 73535.31 | H96: =D96+F96 -> 26172 | I96: =E96+G96 -> 146911.86 | J96: =H96/SUM($H$96:$H$114) -> 0.22179751 | K96: =I96/SUM($I$96:$I$114) -> 0.17891376
C97: 汤粉面 | D97: =7368 -> 7368 | E97: =55031.68 -> 55031.68 | F97: =178+7385 -> 7563 | G97: =2963.13+54313.29 -> 57276.42 | H97: =D97+F97 -> 14931 | I97: =E97+G97 -> 112308.1 | J97: =H97/SUM($H$96:$H$114) -> 0.12653441 | K97: =I97/SUM($I$96:$I$114) -> 0.13677225
C98: 营养汤类 | D98: =301 -> 301 | E98: =2681.4 -> 2681.4 | F98: 278 | G98: 2486.17 | H98: =D98+F98 -> 579 | I98: =E98+G98 -> 5167.57 | J98: =H98/SUM($H$96:$H$114) -> 0.0049067995 | K98: =I98/SUM($I$96:$I$114) -> 0.0062932251
C99: 生烫类 | D99: =749 -> 749 | E99: =9450.72 -> 9450.72 | F99: =88+764 -> 852 | G99: =1576.08+9563.96 -> 11140.04 | H99: =D99+F99 -> 1601 | I99: =E99+G99 -> 20590.76 | J99: =H99/SUM($H$96:$H$114) -> 0.013567851 | K99: =I99/SUM($I$96:$I$114) -> 0.025076058
C100: 养生粥类 | D100: =613 -> 613 | E100: =1830.54 -> 1830.54 | F100: 773 | G100: 2308.78 | H100: =D100+F100 -> 1386 | I100: =E100+G100 -> 4139.32 | J100: =H100/SUM($H$96:$H$114) -> 0.01174581 | K100: =I100/SUM($I$96:$I$114) -> 0.0050409907
...

Sheet 2025年市场部类营业额统计表-外卖
A1: 2025年市场部类营业额统计表-外卖
A2: 店型 | B2: 门店名称 | C2: 部类 | D2: 11月 | F2: 12月 | H2: 合计 | J2: 销售量占比 | K2: 销售额占比
D3: 销售数量 | E3: 销售额 | F3: 销售数量 | G3: 销售额 | H3: 销售数量 | I3: 销售额
A4: 小型 | B4: 步行街店 | C4: 小吃类
C5: 粉面类
C6: 甜品类
C7: 套餐系列
C8: 养生粥类
C9: 炒饭类
C10: 鲜烫系列
C11: 鲜食类
C12: 浇头类
C13: 盖浇饭
B14: 十一小区店 | C14: 小吃类 | D14: =2916+638+1804 -> 5358 | E14: =2688.17+848.34+1861.25 -> 5397.76 | F14: 6964 | G14: 6985.71 | H14: =D14+F14 -> 12322 | I14: =E14+G14 -> 12383.47 | J14: =H14/SUM($H$14:$H$26) -> 0.43029753 | K14: =I14/SUM($I$14:$I$26) -> 0.16647593
C15: 热干系列 | D15: =88+646+297 -> 1031 | E15: =534.47+2914.27+1423.58 -> 4872.32 | F15: 1101 | G15: 5055.74 | H15: =D15+F15 -> 2132 | I15: =E15+G15 -> 9928.06 | J15: =H15/SUM($H$14:$H$26) -> 0.074451739 | K15: =I15/SUM($I$14:$I$26) -> 0.13346687 | L15: =K15+K17+K21 -> 0.32202815
C16: 饮品 | D16: =159+493+386 -> 1038 | E16: =195.6+1009.9+838.25 -> 2043.75 | F16: 1307 | G16: 2641.18 | H16: =D16+F16 -> 2345 | I16: =E16+G16 -> 4684.93 | J16: =H16/SUM($H$14:$H$26) -> 0.081889929 | K16: =I16/SUM($I$14:$I$26) -> 0.062981383
C17: 汤粉面 | D17: =494+303 -> 797 | E17: =3318.06+1982.95 -> 5301.01 | F17: 969 | G17: 5784.65 | H17: =D17+F17 -> 1766 | I17: =E17+G17 -> 11085.66 | J17: =H17/SUM($H$14:$H$26) -> 0.061670624 | K17: =I17/SUM($I$14:$I$26) -> 0.14902895
C18: 套餐 | D18: =14+91+131+1 -> 237 | E18: =166.9+971.05+1657.8+11.54 -> 2807.29 | F18: 532 | G18: 5587.18 | H18: =D18+F18 -> 769 | I18: =E18+G18 -> 8394.47 | J18: =H18/SUM($H$14:$H$26) -> 0.026854309 | K18: =I18/SUM($I$14:$I$26) -> 0.11285021
C19: 炒饭类 | D19: =77+129 -> 206 | E19: =583.63+1059.1 -> 1642.73 | F19: 273 | G19: 2189.39 | H19: =D19+F19 -> 479 | I19: =E19+G19 -> 3832.12 | J19: =H19/SUM($H$14:$H$26) -> 0.016727197 | K19: =I19/SUM($I$14:$I$26) -> 0.051516718
C20: 鲜食类 | H20: =D20+F20 -> 0 | I20: =E20+G20 -> 0 | J20: =H20/SUM($H$14:$H$26) -> 0 | K20: =I20/SUM($I$14:$I$26) -> 0
C21: 生烫类 | D21: =83+73 -> 156 | E21: =750.79+674.64 -> 1425.43 | F21: 161 | G21: 1515.22 | H21: =D21+F21 -> 317 | I21: =E21+G21 -> 2940.65 | J21: =H21/SUM($H$14:$H$26) -> 0.011069982 | K21: =I21/SUM($I$14:$I$26) -> 0.039532331
C22: 盖浇饭 | D22: =161+12+418+21 -> 612 | E22: =1848.41+169.08+4891.53+309.99 -> 7219.01 | F22: 1055 | G22: 13213.74 | H22: =D22+F22 -> 1667 | I22: =E22+G22 -> 20432.75 | J22: =H22/SUM($H$14:$H$26) -> 0.058213438 | K22: =I22/SUM($I$14:$I$26) -> 0.27468561 | L22: =K22+K19 -> 0.32620233
C23: 加料类 | D23: =9+10 -> 19 | E23: =39.59+31.49 -> 71.08 | F23: 43 | G23: 176.01 | H23: =D23+F23 -> 62 | I23: =E23+G23 -> 247.09 | J23: =H23/SUM($H$14:$H$26) -> 0.0021651069 | K23: =I23/SUM($I$14:$I$26) -> 0.0033217294
C24: 下单福利 | H24: =D24+F24 -> 0 | I24: =E24+G24 -> 0 | J24: =H24/SUM($H$14:$H$26) -> 0 | K24: =I24/SUM($I$14:$I$26) -> 0
C25: 餐具小料米饭 | D25: =1623+524 -> 2147 | E25: =73.38+66.98 -> 140.36 | F25: 4630 | G25: 316.39 | H25: =D25+F25 -> 6777 | I25: =E25+G25 -> 456.75 | J25: =H25/SUM($H$14:$H$26) -> 0.23666015 | K25: =I25/SUM($I$14:$I$26) -> 0.0061402725
C26: 外卖餐盒费 | H26: =D26+F26 -> 0 | I26: =E26+G26 -> 0 | J26: =H26/SUM($H$14:$H$26) -> 0 | K26: =I26/SUM($I$14:$I$26) -> 0
B27: 工厂店 | C27: 热干系列 | D27: =648+26 -> 674 | E27: =2980.14+148.08 -> 3128.22 | F27: 902 | G27: 4361.45 | H27: =D27+F27 -> 1576 | I27: =E27+G27 -> 7489.67 | J27: =H27/SUM($H$27:$H$39) -> 0.057718367 | K27: =I27/SUM($I$27:$I$39) -> 0.069581023 | L27: =K27+K28 -> 0.15134883
C28: 汤粉面 | D28: =474+43 -> 517 | E28: =3265.47+310.24 -> 3575.71 | F28: 772 | G28: 5225.74 | H28: =D28+F28 -> 1289 | I28: =E28+G28 -> 8801.45 | J28: =H28/SUM($H$27:$H$39) -> 0.047207471 | K28: =I28/SUM($I$27:$I$39) -> 0.081767807
C29: 小吃类 | D29: =962+1704 -> 2666 | E29: =3068.79+2498.26 -> 5567.05 | F29: 4117 | G29: 8161.21 | H29: =D29+F29 -> 6783 | I29: =E29+G29 -> 13728.26 | J29: =H29/SUM($H$27:$H$39) -> 0.24841604 | K29: =I29/SUM($I$27:$I$39) -> 0.12753918
C30: 饮品甜品类 | D30: =566+261 -> 827 | E30: =1171.1+481.93 -> 1653.03 | F30: 1431 | G30: 2986.06 | H30: =D30+F30 -> 2258 | I30: =E30+G30 -> 4639.09 | J30: =H30/SUM($H$27:$H$39) -> 0.082695477 | K30: =I30/SUM($I$27:$I$39) -> 0.043098378
C31: 蒸蛋 | H31: =D31+F31 -> 0 | I31: =E31+G31 -> 0 | J31: =H31/SUM($H$27:$H$39) -> 0 | K31: =I31/SUM($I$27:$I$39) -> 0
C32: 浇头类 | D32: =65 -> 65 | E32: =341.32 -> 341.32 | F32: 71 | G32: 431.32 | H32: =D32+F32 -> 136 | I32: =E32+G32 -> 772.64 | J32: =H32/SUM($H$27:$H$39) -> 0.0049807728 | K32: =I32/SUM($I$27:$I$39) -> 0.0071780308
C33: 套餐 | D33: =135+175 -> 310 | E33: =1387.34+1904.73 -> 3292.07 | F33: 1693 | G33: 15114.18 | H33: =D33+F33 -> 2003 | I33: =E33+G33 -> 18406.25 | J33: =H33/SUM($H$27:$H$39) -> 0.073356528 | K33: =I33/SUM($I$27:$I$39) -> 0.17099895
C34: 活动菜品&福利 | H34: =D34+F34 -> 0 | I34: =E34+G34 -> 0 | J34: =H34/SUM($H$27:$H$39) -> 0 | K34: =I34/SUM($I$27:$I$39) -> 0
C35: 鲜食小包装 | H35: =D35+F35 -> 0 | I35: =E35+G35 -> 0 | J35: =H35/SUM($H$27:$H$39) -> 0 | K35: =I35/SUM($I$27:$I$39) -> 0
C36: 炒饭类 | D36: =454+29 -> 483 | E36: =3464.4+272.58 -> 3736.98 | F36: 859 | G36: 6962.22 | H36: =D36+F36 -> 1342 | I36: =E36+G36 -> 10699.2 | J36: =H36/SUM($H$27:$H$39) -> 0.049148508 | K36: =I36/SUM($I$27:$I$39) -> 0.099398409
C37: 盖浇饭 | D37: =1048+174 -> 1222 | E37: =11131.92+2260.78 -> 13392.7 | F37: 2445 | G37: 29170.25 | H37: =D37+F37 -> 3667 | I37: =E37+G37 -> 42562.95 | J37: =H37/SUM($H$27:$H$39) -> 0.13429775 | K37: =I37/SUM($I$27:$I$39) -> 0.39542111 | L37: =K37+K36 -> 0.49481952
C38: 餐具小料 | D38: =3378+195 -> 3573 | E38: =206.21+18.61 -> 224.82 | F38: 4678 | G38: 315.22 | H38: =D38+F38 -> 8251 | I38: =E38+G38 -> 540.04 | J38: =H38/SUM($H$27:$H$39) -> 0.30217909 | K38: =I38/SUM($I$27:$I$39) -> 0.005017115
C39: 外卖餐盒费 | H39: =D39+F39 -> 0 | I39: =E39+G39 -> 0 | J39: =H39/SUM($H$27:$H$39) -> 0 | K39: =I39/SUM($I$27:$I$39) -> 0
B40: 蔡甸中百 | C40: 热干系列 | D40: =1058 -> 1058 | E40: =4900.1 -> 4900.1 | F40: 1521 | G40: 6965.59 | H40: =D40+F40 -> 2579 | I40: =E40+G40 -> 11865.69 | J40: =H40/SUM($H$40:$H$51) -> 0.14277015 | K40: =I40/SUM($I$40:$I$51) -> 0.24378693
C41: 饮品类 | D41: =668 -> 668 | E41: =1322.87 -> 1322.87 | F41: 976 | G41: 1877.17 | H41: =D41+F41 -> 1644 | I41: =E41+G41 -> 3200.04 | J41: =H41/SUM($H$40:$H$51) -> 0.091009743 | K41: =I41/SUM($I$40:$I$51) -> 0.065746528
C42: 骨汤类 | D42: =339+158 -> 497 | E42: =2331.04+968.12 -> 3299.16 | F42: =59+861+7 -> 927 | G42: =446.35+5226+49.77 -> 5722.12 | H42: =D42+F42 -> 1424 | I42: =E42+G42 -> 9021.28 | J42: =H42/SUM($H$40:$H$51) -> 0.078830824 | K42: =I42/SUM($I$40:$I$51) -> 0.18534701
C43: 小吃类 | D43: =1665 -> 1665 | E43: =2994.2 -> 2994.2 | F43: 2748 | G43: 4885.76 | H43: =D43+F43 -> 4413 | I43: =E43+G43 -> 7879.96 | J43: =H43/SUM($H$40:$H$51) -> 0.24429805 | K43: =I43/SUM($I$40:$I$51) -> 0.16189798
C44: 盖码饭 | D44: =81 -> 81 | E44: =1178.02 -> 1178.02 | F44: 127 | G44: 1779.16 | H44: =D44+F44 -> 208 | I44: =E44+G44 -> 2957.18 | J44: =H44/SUM($H$40:$H$51) -> 0.011514615 | K44: =I44/SUM($I$40:$I$51) -> 0.06075684
C45: 加价 | D45: =31 -> 31 | E45: =128.17 -> 128.17 | F45: 37 | G45: 167.32 | H45: =D45+F45 -> 68 | I45: =E45+G45 -> 295.49 | J45: =H45/SUM($H$40:$H$51) -> 0.0037643933 | K45: =I45/SUM($I$40:$I$51) -> 0.0060709996
C46: 炒饭类 | D46: =195 -> 195 | E46: =1710.13 -> 1710.13 | F46: 312 | G46: 2628.54 | H46: =D46+F46 -> 507 | I46: =E46+G46 -> 4338.67 | J46: =H46/SUM($H$40:$H$51) -> 0.028066873 | K46: =I46/SUM($I$40:$I$51) -> 0.089140289
C47: 掺汤类 | D47: =127 -> 127 | E47: =1104.67 -> 1104.67 | F47: 179 | G47: 1601.47 | H47: =D47+F47 -> 306 | I47: =E47+G47 -> 2706.14 | J47: =H47/SUM($H$40:$H$51) -> 0.01693977 | K47: =I47/SUM($I$40:$I$51) -> 0.055599089
C48: 套餐类 | D48: =128 -> 128 | E48: =1258.71 -> 1258.71 | F48: 592 | G48: 4808.28 | H48: =D48+F48 -> 720 | I48: =E48+G48 -> 6066.99 | J48: =H48/SUM($H$40:$H$51) -> 0.039858282 | K48: =I48/SUM($I$40:$I$51) -> 0.12464954
C49: 下单福利 | H49: =D49+F49 -> 0 | I49: =E49+G49 -> 0 | J49: =H49/SUM($H$40:$H$51) -> 0 | K49: =I49/SUM($I$40:$I$51) -> 0
C50: 餐具小料 | D50: =2438 -> 2438 | E50: =140.15 -> 140.15 | F50: 3757 | G50: 200.79 | H50: =D50+F50 -> 6195 | I50: =E50+G50 -> 340.94 | J50: =H50/SUM($H$40:$H$51) -> 0.3429473 | K50: =I50/SUM($I$40:$I$51) -> 0.0070047941
C51: 外卖餐盒类 | H51: =D51+F51 -> 0 | I51: =E51+G51 -> 0 | J51: =H51/SUM($H$40:$H$51) -> 0 | K51: =I51/SUM($I$40:$I$51) -> 0
B52: 铁机路店 | C52: 热干面类 | D52: =649 -> 649 | E52: =2807.79 -> 2807.79 | F52: 1008 | G52: 4576.57 | H52: =D52+F52 -> 1657 | I52: =E52+G52 -> 7384.36 | J52: =H52/SUM($H$52:$H$64) -> 0.07084224 | K52: =I52/SUM($I$52:$I$64) -> 0.097731946 | L52: =K52+K55+K58 -> 0.25371744
C53: 小吃 | D53: =1961 -> 1961 | E53: =3183.57 -> 3183.57 | F53: 2437 | G53: 4246.9 | H53: =D53+F53 -> 4398 | I53: =E53+G53 -> 7430.47 | J53: =H53/SUM($H$52:$H$64) -> 0.18802907 | K53: =I53/SUM($I$52:$I$64) -> 0.098342211
C54: 饮品 | D54: =775 -> 775 | E54: =1557.38 -> 1557.38 | F54: 994 | G54: 2055.53 | H54: =D54+F54 -> 1769 | I54: =E54+G54 -> 3612.91 | J54: =H54/SUM($H$52:$H$64) -> 0.075630611 | K54: =I54/SUM($I$52:$I$64) -> 0.047816835
C55: 汤粉面类 | D55: =641 -> 641 | E55: =3726.02 -> 3726.02 | F55: 735 | G55: 4427.78 | H55: =D55+F55 -> 1376 | I55: =E55+G55 -> 8153.8 | J55: =H55/SUM($H$52:$H$64) -> 0.058828559 | K55: =I55/SUM($I$52:$I$64) -> 0.10791548
C56: 盖饭类 | D56: =785 -> 785 | E56: =9291.52 -> 9291.52 | F56: 1134 | G56: 13379.95 | H56: =D56+F56 -> 1919 | I56: =E56+G56 -> 22671.47 | J56: =H56/SUM($H$52:$H$64) -> 0.082043608 | K56: =I56/SUM($I$52:$I$64) -> 0.30005673 | L56: =K56+K57 -> 0.37028053
C57: 炒饭类 | D57: =268 -> 268 | E57: =2388.24 -> 2388.24 | F57: =56+285 -> 341 | G57: =530.91+2386.77 -> 2917.68 | H57: =D57+F57 -> 609 | I57: =E57+G57 -> 5305.92 | J57: =H57/SUM($H$52:$H$64) -> 0.026036768 | K57: =I57/SUM($I$52:$I$64) -> 0.070223809
C58: 生烫类 | D58: =175 -> 175 | E58: =1600.46 -> 1600.46 | F58: 213 | G58: 2031.58 | H58: =D58+F58 -> 388 | I58: =E58+G58 -> 3632.04 | J58: =H58/SUM($H$52:$H$64) -> 0.016588286 | K58: =I58/SUM($I$52:$I$64) -> 0.048070021
C59: 套餐 | D59: =272 -> 272 | E59: =2848.52 -> 2848.52 | F59: 1625 | G59: 13382.24 | H59: =D59+F59 -> 1897 | I59: =E59+G59 -> 16230.76 | J59: =H59/SUM($H$52:$H$64) -> 0.081103035 | K59: =I59/SUM($I$52:$I$64) -> 0.21481398
C60: 浇头 | D60: =51 -> 51 | E60: =238.42 -> 238.42 | F60: 52 | G60: 230.53 | H60: =D60+F60 -> 103 | I60: =E60+G60 -> 468.95 | J60: =H60/SUM($H$52:$H$64) -> 0.0044035913 | K60: =I60/SUM($I$52:$I$64) -> 0.0062065495
C61: 鲜食系列 | H61: =D61+F61 -> 0 | I61: =E61+G61 -> 0 | J61: =H61/SUM($H$52:$H$64) -> 0 | K61: =I61/SUM($I$52:$I$64) -> 0
C62: 活动菜品&福利 | H62: =D62+F62 -> 0 | I62: =E62+G62 -> 0 | J62: =H62/SUM($H$52:$H$64) -> 0 | K62: =I62/SUM($I$52:$I$64) -> 0
C63: 调料&餐具 | D63: =4012 -> 4012 | E63: =259.39 -> 259.39 | F63: 5262 | G63: 407.21 | H63: =D63+F63 -> 9274 | I63: =E63+G63 -> 666.6 | J63: =H63/SUM($H$52:$H$64) -> 0.39649423 | K63: =I63/SUM($I$52:$I$64) -> 0.0088224457
C64: 外卖餐盒费 | H64: =D64+F64 -> 0 | I64: =E64+G64 -> 0 | J64: =H64/SUM($H$52:$H$64) -> 0 | K64: =I64/SUM($I$52:$I$64) -> 0
A65: 中型 | B65: 东辉花园店 | C65: 热干面 | D65: =555 -> 555 | E65: =2555.06 -> 2555.06 | F65: 863 | G65: 3833.54 | H65: =D65+F65 -> 1418 | I65: =E65+G65 -> 6388.6 | J65: =H65/SUM($H$65:$H$78) -> 0.072822514 | K65: =I65/SUM($I$65:$I$78) -> 0.095327781
C66: 小吃 | D66: =1616 -> 1616 | E66: =3008.98 -> 3008.98 | F66: 2280 | G66: 4390.68 | H66: =D66+F66 -> 3896 | I66: =E66+G66 -> 7399.66 | J66: =H66/SUM($H$65:$H$78) -> 0.20008217 | K66: =I66/SUM($I$65:$I$78) -> 0.11041436
C67: 浇头 | D67: 19 | E67: 86.21 | F67: 42 | G67: 218.79 | H67: =D67+F67 -> 61 | I67: =E67+G67 -> 305 | J67: =H67/SUM($H$65:$H$78) -> 0.0031327034 | K67: =I67/SUM($I$65:$I$78) -> 0.0045510712
C68: 饮品 | D68: =575+1 -> 576 | E68: =1146.48+3.75 -> 1150.23 | F68: 1002 | G68: 2363.19 | H68: =D68+F68 -> 1578 | I68: =E68+G68 -> 3513.42 | J68: =H68/SUM($H$65:$H$78) -> 0.081039441 | K68: =I68/SUM($I$65:$I$78) -> 0.052425654
C69: 汤粉面 | D69: =439 -> 439 | E69: =2746.69 -> 2746.69 | F69: 689 | G69: 4311.83 | H69: =D69+F69 -> 1128 | I69: =E69+G69 -> 7058.52 | J69: =H69/SUM($H$65:$H$78) -> 0.057929334 | K69: =I69/SUM($I$65:$I$78) -> 0.10532402
C70: 盖浇饭 | D70: =714 -> 714 | E70: =8486.82 -> 8486.82 | F70: 800 | G70: 8251.81 | H70: =D70+F70 -> 1514 | I70: =E70+G70 -> 16738.63 | J70: =H70/SUM($H$65:$H$78) -> 0.077752671 | K70: =I70/SUM($I$65:$I$78) -> 0.24976622
C71: 鲜烫 | D71: =72+30 -> 102 | E71: =757.86+280.43 -> 1038.29 | F71: 180 | G71: 1868.08 | H71: =D71+F71 -> 282 | I71: =E71+G71 -> 2906.37 | J71: =H71/SUM($H$65:$H$78) -> 0.014482334 | K71: =I71/SUM($I$65:$I$78) -> 0.04336753
C72: 炒饭 | D72: =220 -> 220 | E72: =1804.26 -> 1804.26 | F72: 309 | G72: 2462.07 | H72: =D72+F72 -> 529 | I72: =E72+G72 -> 4266.33 | J72: =H72/SUM($H$65:$H$78) -> 0.027167214 | K72: =I72/SUM($I$65:$I$78) -> 0.063660234
C73: 套餐&拼好饭 | D73: =175 -> 175 | E73: =1856.11 -> 1856.11 | F73: 1955 | G73: 15873.77 | H73: =D73+F73 -> 2130 | I73: =E73+G73 -> 17729.88 | J73: =H73/SUM($H$65:$H$78) -> 0.10938784 | K73: =I73/SUM($I$65:$I$78) -> 0.2645572
C74: 鲜食系列 | H74: =D74+F74 -> 0 | I74: =E74+G74 -> 0 | J74: =H74/SUM($H$65:$H$78) -> 0 | K74: =I74/SUM($I$65:$I$78) -> 0
C75: 火锅 | H75: =D75+F75 -> 0 | I75: =E75+G75 -> 0 | J75: =H75/SUM($H$65:$H$78) -> 0 | K75: =I75/SUM($I$65:$I$78) -> 0
C76: 活动菜品&福利 | H76: =D76+F76 -> 0 | I76: =E76+G76 -> 0 | J76: =H76/SUM($H$65:$H$78) -> 0 | K76: =I76/SUM($I$65:$I$78) -> 0
C77: 调料&餐具 | D77: 2838 | E77: 319.41 | F77: 4098 | G77: 391.37 | H77: =D77+F77 -> 6936 | I77: =E77+G77 -> 710.78 | J77: =H77/SUM($H$65:$H$78) -> 0.35620378 | K77: =I77/SUM($I$65:$I$78) -> 0.010605936
C78: 外卖餐盒费 | H78: =D78+F78 -> 0 | I78: =E78+G78 -> 0 | J78: =H78/SUM($H$65:$H$78) -> 0 | K78: =I78/SUM($I$65:$I$78) -> 0
B79: 新华路店 | C79: 热干系列 | D79: =1039 -> 1039 | E79: =4757.57 -> 4757.57 | F79: 1179 | G79: 5529.75 | H79: =D79+F79 -> 2218 | I79: =E79+G79 -> 10287.32 | J79: =H79/SUM($H$79:$H$94) -> 0.062468315 | K79: =I79/SUM($I$79:$I$94) -> 0.094334806
C80: 汤粉面 | D80: =805+69 -> 874 | E80: =5384.14+514.38 -> 5898.52 | F80: 1075 | G80: 7065.41 | H80: =D80+F80 -> 1949 | I80: =E80+G80 -> 12963.93 | J80: =H80/SUM($H$79:$H$94) -> 0.054892131 | K80: =I80/SUM($I$79:$I$94) -> 0.11887934
C81: 甜品类&饮料 | D81: =1229+125+40 -> 1394 | E81: =2411.46+244.7+77.4 -> 2733.56 | F81: 1555 | G81: 3080.1 | H81: =D81+F81 -> 2949 | I81: =E81+G81 -> 5813.66 | J81: =H81/SUM($H$79:$H$94) -> 0.083056385 | K81: =I81/SUM($I$79:$I$94) -> 0.053311308
C82: 小吃类 | D82: =4944 -> 4944 | E82: =6616.92 -> 6616.92 | F82: 5320 | G82: 7276.44 | H82: =D82+F82 -> 10264 | I82: =E82+G82 -> 13893.36 | J82: =H82/SUM($H$79:$H$94) -> 0.2890779 | K82: =I82/SUM($I$79:$I$94) -> 0.12740222
C83: 炒饭类 | D83: =365 -> 365 | E83: =2960.75 -> 2960.75 | F83: 556 | G83: 4211.86 | H83: =D83+F83 -> 921 | I83: =E83+G83 -> 7172.61 | J83: =H83/SUM($H$79:$H$94) -> 0.025939278 | K83: =I83/SUM($I$79:$I$94) -> 0.06577289
C84: 盖浇饭类 | D84: =536+670+10 -> 1216 | E84: =6089.9+8392.28+153.02 -> 14635.2 | F84: 1287 | G84: 15226.98 | H84: =D84+F84 -> 2503 | I84: =E84+G84 -> 29862.18 | J84: =H84/SUM($H$79:$H$94) -> 0.070495128 | K84: =I84/SUM($I$79:$I$94) -> 0.27383643
C85: 小碗菜 | H85: =D85+F85 -> 0 | I85: =E85+G85 -> 0 | J85: =H85/SUM($H$79:$H$94) -> 0 | K85: =I85/SUM($I$79:$I$94) -> 0
C86: 生烫类 | D86: =20 -> 20 | E86: =203.03 -> 203.03 | F86: 148 | G86: 1546.62 | H86: =D86+F86 -> 168 | I86: =E86+G86 -> 1749.65 | J86: =H86/SUM($H$79:$H$94) -> 0.0047315947 | K86: =I86/SUM($I$79:$I$94) -> 0.016044304
C87: 浇头类 | D87: =42 -> 42 | E87: =218.1 -> 218.1 | F87: 29 | G87: 162.94 | H87: =D87+F87 -> 71 | I87: =E87+G87 -> 381.04 | J87: =H87/SUM($H$79:$H$94) -> 0.001999662 | K87: =I87/SUM($I$79:$I$94) -> 0.0034941398
C88: 套餐类 | D88: =665 -> 665 | E88: =7307.37 -> 7307.37 | F88: 1860 | G88: 16502.94 | H88: =D88+F88 -> 2525 | I88: =E88+G88 -> 23810.31 | J88: =H88/SUM($H$79:$H$94) -> 0.071114741 | K88: =I88/SUM($I$79:$I$94) -> 0.21834073
C89: 养生粥类&汤 | D89: =208 -> 208 | E89: =838.76 -> 838.76 | F89: 368 | G89: 1553.28 | H89: =D89+F89 -> 576 | I89: =E89+G89 -> 2392.04 | J89: =H89/SUM($H$79:$H$94) -> 0.01622261 | K89: =I89/SUM($I$79:$I$94) -> 0.021935026
C90: 鲜食类 | H90: =D90+F90 -> 0 | I90: =E90+G90 -> 0 | J90: =H90/SUM($H$79:$H$94) -> 0 | K90: =I90/SUM($I$79:$I$94) -> 0
C91: 下单&收藏福利&活动菜品（凉面） | H91: =D91+F91 -> 0 | I91: =E91+G91 -> 0 | J91: =H91/SUM($H$79:$H$94) -> 0 | K91: =I91/SUM($I$79:$I$94) -> 0
C92: 餐具小料米饭 | D92: =2972+2283 -> 5255 | E92: =145.28+161.15 -> 306.43 | F92: 6107 | G92: 418.63 | H92: =D92+F92 -> 11362 | I92: =E92+G92 -> 725.06 | J92: =H92/SUM($H$79:$H$94) -> 0.32000225 | K92: =I92/SUM($I$79:$I$94) -> 0.0066488059
C93: 调味小料&米饭 | H93: =D93+F93 -> 0 | I93: =E93+G93 -> 0 | J93: =H93/SUM($H$79:$H$94) -> 0 | K93: =I93/SUM($I$79:$I$94) -> 0
C94: 外卖餐盒费 | H94: =D94+F94 -> 0 | I94: =E94+G94 -> 0 | J94: =H94/SUM($H$79:$H$94) -> 0 | K94: =I94/SUM($I$79:$I$94) -> 0
A95: 大型 | B95: 华科店 | C95: 热干系列 | D95: =1430 -> 1430 | E95: =7622.85 -> 7622.85 | F95: 1753 | G95: 8990.72 | H95: =D95+F95 -> 3183 | I95: =E95+G95 -> 16613.57 | J95: =H95/SUM($H$95:$H$113) -> 0.085822908 | K95: =I95/SUM($I$95:$I$113) -> 0.13098834
C96: 汤粉面 | D96: =1166+1 -> 1167 | E96: =8796.14+7.14 -> 8803.28 | F96: 1433 | G96: 10539.47 | H96: =D96+F96 -> 2600 | I96: =E96+G96 -> 19342.75 | J96: =H96/SUM($H$95:$H$113) -> 0.070103538 | K96: =I96/SUM($I$95:$I$113) -> 0.15250634
C97: 营养汤类 | D97: =43 -> 43 | E97: =236.68 -> 236.68 | F97: 141 | G97: 765.18 | H97: =D97+F97 -> 184 | I97: =E97+G97 -> 1001.86 | J97: =H97/SUM($H$95:$H$113) -> 0.0049611734 | K97: =I97/SUM($I$95:$I$113) -> 0.0078990839
C98: 生烫类 | H98: =D98+F98 -> 0 | I98: =E98+G98 -> 0 | J98: =H98/SUM($H$95:$H$113) -> 0 | K98: =I98/SUM($I$95:$I$113) -> 0
C99: 养生粥类 | D99: =96 -> 96 | E99: =241.8 -> 241.8 | F99: 133 | G99: 306.6 | H99: =D99+F99 -> 229 | I99: =E99+G99 -> 548.4 | J99: =H99/SUM($H$95:$H$113) -> 0.0061745039 | K99: =I99/SUM($I$95:$I$113) -> 0.0043238153
C100: 小锅仔 | H100: =D100+F100 -> 0 | I100: =E100+G100 -> 0 | J100: =H100/SUM($H$95:$H$113) -> 0 | K100: =I100/SUM($I$95:$I$113) -> 0
...

Sheet 华南海鲜店
B1: 武汉二区2016年-2019年营业额统计表
B2: 年份 | C2: 1月 | D2: 2月 | E2: 3月 | F2: 4月 | G2: 5月 | H2: 6月 | I2: 7月 | J2: 8月 | K2: 9月 | L2: 10月 | M2: 11月 | N2: 12月 | O2: 合计 | P2: 环比
B4: 2016年 | C4: =#REF! -> #REF! | D4: =#REF! -> #REF! | E4: =#REF! -> #REF! | F4: =#REF! -> #REF! | G4: =#REF! -> #REF! | H4: =#REF! -> #REF! | I4: =#REF! -> #REF! | J4: =#REF! -> #REF! | ... N4: =#REF! -> #REF! | O4: =SUM(C4:N4) -> #REF!
B5: 2017年 | C5: =#REF! -> #REF! | D5: =#REF! -> #REF! | E5: =#REF! -> #REF! | F5: =#REF! -> #REF! | G5: =#REF! -> #REF! | H5: =#REF! -> #REF! | I5: =#REF! -> #REF! | J5: =#REF! -> #REF! | ... N5: =#REF! -> #REF! | O5: =SUM(C5:N5) -> #REF!
B6: 2018年 | C6: =#REF! -> #REF! | D6: =#REF! -> #REF! | E6: =#REF! -> #REF! | F6: =#REF! -> #REF! | G6: =#REF! -> #REF! | H6: =#REF! -> #REF! | I6: =#REF! -> #REF! | J6: =#REF! -> #REF! | ... N6: =#REF! -> #REF! | O6: =SUM(C6:N6) -> #REF!
B7: 2019年 | C7: ='2025年老店营业额同比 环比分析'!C5 -> 11.681857 | D7: ='2025年老店营业额同比 环比分析'!D5 -> 11.45976 | E7: ='2025年老店营业额同比 环比分析'!E5 -> 12.30345 | F7: ='2025年老店营业额同比 环比分析'!F5 -> 12.014886 | G7: ='2025年老店营业额同比 环比分析'!G5 -> 12.863619 | H7: ='2025年老店营业额同比 环比分析'!H5 -> 10.867187 | I7: ='2025年老店营业额同比 环比分析'!I5 -> 13.239522 | J7: ='2025年老店营业额同比 环比分析'!J5 -> 11.106115 | ... N7: ='2025年老店营业额同比 环比分析'!N5 -> 14.90469 | O7: =SUM(C7:N7) -> 142.41896
B9: 武汉二区2016年-2019年TC统计
B10: 年份 | C10: 1月 | D10: 2月 | E10: 3月 | F10: 4月 | G10: 5月 | H10: 6月 | I10: 7月 | J10: 8月 | K10: 9月 | L10: 10月 | M10: 11月 | N10: 12月 | O10: 合计 | P10: 环比
B12: 2016年 | C12: =#REF! -> #REF! | D12: =#REF! -> #REF! | E12: =#REF! -> #REF! | F12: =#REF! -> #REF! | G12: =#REF! -> #REF! | H12: =#REF! -> #REF! | I12: =#REF! -> #REF! | J12: =#REF! -> #REF! | ... N12: =#REF! -> #REF! | O12: =SUM(C12:N12) -> #REF!
B13: 2017年 | C13: =#REF! -> #REF! | D13: =#REF! -> #REF! | E13: =#REF! -> #REF! | F13: =#REF! -> #REF! | G13: =#REF! -> #REF! | H13: =#REF! -> #REF! | I13: =#REF! -> #REF! | J13: =#REF! -> #REF! | ... N13: =#REF! -> #REF! | O13: =SUM(C13:N13) -> #REF!
B14: 2018年 | C14: =#REF! -> #REF! | D14: =#REF! -> #REF! | E14: =#REF! -> #REF! | F14: =#REF! -> #REF! | G14: =#REF! -> #REF! | H14: =#REF! -> #REF! | I14: =#REF! -> #REF! | J14: =#REF! -> #REF! | ... N14: =#REF! -> #REF! | O14: =SUM(C14:N14) -> #REF!
B15: 2019年 | C15: ='2025年老店营业额同比 环比分析'!C15 -> 1.2497 | D15: ='2025年老店营业额同比 环比分析'!D15 -> 1.207 | E15: ='2025年老店营业额同比 环比分析'!E15 -> 1.3272 | F15: ='2025年老店营业额同比 环比分析'!F15 -> 1.3067 | G15: ='2025年老店营业额同比 环比分析'!G15 -> 1.3748 | H15: ='2025年老店营业额同比 环比分析'!H15 -> 1.1699 | I15: ='2025年老店营业额同比 环比分析'!I15 -> 1.4154 | J15: ='2025年老店营业额同比 环比分析'!J15 -> 1.1762 | ... N15: ='2025年老店营业额同比 环比分析'!N15 -> 1.5454 | O15: =SUM(C15:N15) -> 15.2362
B17: 武汉二区2016年-2019年AC统计
B18: 年份 | C18: 1月 | D18: 2月 | E18: 3月 | F18: 4月 | G18: 5月 | H18: 6月 | I18: 7月 | J18: 8月 | K18: 9月 | L18: 10月 | M18: 11月 | N18: 12月 | O18: 合计 | P18: 对比
B20: 2016年 | C20: =C4/C12 -> #REF! | D20: =D4/D12 -> #REF! | E20: =E4/E12 -> #REF! | F20: =F4/F12 -> #REF! | G20: =G4/G12 -> #REF! | H20: =H4/H12 -> #REF! | I20: =I4/I12 -> #REF! | J20: =J4/J12 -> #REF! | ... O20: =O4/O12 -> #REF!
B21: 2017年 | C21: =C5/C13 -> #REF! | D21: =D5/D13 -> #REF! | E21: =E5/E13 -> #REF! | F21: =F5/F13 -> #REF! | G21: =G5/G13 -> #REF! | H21: =H5/H13 -> #REF! | I21: =I5/I13 -> #REF! | J21: =J5/J13 -> #REF! | ... O21: =O5/O13 -> #REF!
B22: 2018年 | C22: =C6/C14 -> #REF! | D22: =D6/D14 -> #REF! | E22: =E6/E14 -> #REF! | F22: =F6/F14 -> #REF! | G22: =G6/G14 -> #REF! | H22: =H6/H14 -> #REF! | I22: =I6/I14 -> #REF! | J22: =J6/J14 -> #REF! | ... O22: =O6/O14 -> #REF!
B23: 2019年 | C23: =C7/C15 -> 9.3477291 | D23: =D7/D15 -> 9.4944159 | E23: =E7/E15 -> 9.2702306 | F23: =F7/F15 -> 9.1948313 | G23: =G7/G15 -> 9.3567203 | H23: =H7/H15 -> 9.2889879 | I23: =I7/I15 -> 9.3539084 | J23: =J7/J15 -> 9.4423695 | ... O23: =O7/O15 -> 9.3474068
B25: 武汉二区2019年营业额同比数据
B26: 年份 | C26: 1月 | D26: 2月 | E26: 3月 | F26: 4月 | G26: 5月 | H26: 6月 | I26: 7月 | J26: 8月 | K26: 9月 | L26: 10月 | M26: 11月 | N26: 12月 | O26: 对比 | P26: 环比
B28: 2016年 | C28: =1-C4/(C7-'2025年老店营业额同比 环比分析'!C5) -> #REF! | D28: =1-D4/(D7-'2025年老店营业额同比 环比分析'!D5) -> #REF! | E28: =1-E4/(E7-'2025年老店营业额同比 环比分析'!E5) -> #REF! | F28: =1-F4/(F7-'2025年老店营业额同比 环比分析'!F5) -> #REF! | G28: =1-G4/(G7-'2025年老店营业额同比 环比分析'!G5) -> #REF! | H28: =1-H4/(H7-'2025年老店营业额同比 环比分析'!H5) -> #REF! | I28: =1-I4/(I7-'2025年老店营业额同比 环比分析'!I5) -> #REF! | J28: =1-J4/(J7-'2025年老店营业额同比 环比分析'!J5) -> #REF! | ... N28: =1-N4/(N7-'2025年老店营业额同比 环比分析'!N5) -> #REF!
B29: 2017年 | C29: =1-C5/C7 -> #REF! | D29: =1-D5/D7 -> #REF! | E29: =1-E5/E7 -> #REF! | F29: =1-F5/F7 -> #REF! | G29: =1-G5/G7 -> #REF! | H29: =1-H5/H7 -> #REF! | I29: =1-I5/I7 -> #REF! | J29: =1-J5/J7 -> #REF! | ... N29: =1-N5/N7 -> #REF!
B30: 2018年 | C30: =1-C6/C7 -> #REF! | D30: =1-D6/D7 -> #REF! | E30: =1-E6/E7 -> #REF! | F30: =1-F6/F7 -> #REF! | G30: =1-G6/G7 -> #REF! | H30: =1-H6/H7 -> #REF! | I30: =1-I6/I7 -> #REF! | J30: =1-J6/J7 -> #REF! | ... N30: =1-N6/N7 -> #REF!
B32: 武汉二区2019年TC同比数据
B33: 年份 | C33: 1月 | D33: 2月 | E33: 3月 | F33: 4月 | G33: 5月 | H33: 6月 | I33: 7月 | J33: 8月 | K33: 9月 | L33: 10月 | M33: 11月 | N33: 12月 | O33: 对比 | P33: 环比
B35: 2016年 | C35: =1-C12/(C15-'2025年老店营业额同比 环比分析'!C15) -> #REF! | D35: =1-D12/(D15-'2025年老店营业额同比 环比分析'!D15) -> #REF! | E35: =1-E12/(E15-'2025年老店营业额同比 环比分析'!E15) -> #REF! | F35: =1-F12/(F15-'2025年老店营业额同比 环比分析'!F15) -> #REF! | G35: =1-G12/(G15-'2025年老店营业额同比 环比分析'!G15) -> #REF! | H35: =1-H12/(H15-'2025年老店营业额同比 环比分析'!H15) -> #REF! | I35: =1-I12/(I15-'2025年老店营业额同比 环比分析'!I15) -> #REF! | J35: =1-J12/(J15-'2025年老店营业额同比 环比分析'!J15) -> #REF! | ... N35: =1-N12/(N15-'2025年老店营业额同比 环比分析'!N15) -> #REF!
B36: 2017年 | C36: =1-C13/C15 -> #REF! | D36: =1-D13/D15 -> #REF! | E36: =1-E13/E15 -> #REF! | F36: =1-F13/F15 -> #REF! | G36: =1-G13/G15 -> #REF! | H36: =1-H13/H15 -> #REF! | I36: =1-I13/I15 -> #REF! | J36: =1-J13/J15 -> #REF! | ... N36: =1-N13/N15 -> #REF!
B37: 2018年 | C37: =1-C14/C15 -> #REF! | D37: =1-D14/D15 -> #REF! | E37: =1-E14/E15 -> #REF! | F37: =1-F14/F15 -> #REF! | G37: =1-G14/G15 -> #REF! | H37: =1-H14/H15 -> #REF! | I37: =1-I14/I15 -> #REF! | J37: =1-J14/J15 -> #REF! | ... N37: =1-N14/N15 -> #REF!
B39: 武汉二区2019年AC对比数据统计
B40: 年份 | C40: 1月 | D40: 2月 | E40: 3月 | F40: 4月 | G40: 5月 | H40: 6月 | I40: 7月 | J40: 8月 | K40: 9月 | L40: 10月 | M40: 11月 | N40: 12月 | O40: 对比 | P40: 环比
B42: 2016年 | C42: =C23-C20 -> #REF! | D42: =D23-D20 -> #REF! | E42: =E23-E20 -> #REF! | F42: =F23-F20 -> #REF! | G42: =G23-G20 -> #REF! | H42: =H23-H20 -> #REF! | I42: =I23-I20 -> #REF! | J42: =J23-J20 -> #REF! | ... N42: =N23-N20 -> #REF!
B43: 2017年 | C43: =C23-C21 -> #REF! | D43: =D23-D21 -> #REF! | E43: =E23-E21 -> #REF! | F43: =F23-F21 -> #REF! | G43: =G23-G21 -> #REF! | H43: =H23-H21 -> #REF! | I43: =I23-I21 -> #REF! | J43: =J23-J21 -> #REF! | ... N43: =N23-N21 -> #REF!
B44: 2018年 | C44: =C23-C22 -> #REF! | D44: =D23-D22 -> #REF! | E44: =E23-E22 -> #REF! | F44: =F23-F22 -> #REF! | G44: =G23-G22 -> #REF! | H44: =H23-H22 -> #REF! | I44: =I23-I22 -> #REF! | J44: =J23-J22 -> #REF! | ... N44: =N23-N22 -> #REF!

Sheet 2025区域门店销售时段分析
A1: 2025年（小型）门店时段销售报表 | S1: 2025年（中型）门店时段销售报表 | AK1: 2025年（大型）门店时段销售报表
A2: 店名 | C2: 时段 | D2: 1月 | E2: 2月 | F2: 3月 | G2: 4月 | H2: 5月 | I2: 6月 | J2: 7月 | K2: 8月 | L2: 9月 | M2: 10月 | N2: 11月 | O2: 12月 | P2: 12月环比11月 | S2: 店名 | U2: 时段 | V2: 1月 | W2: 2月 | X2: 3月 | Y2: 4月 | Z2: 5月 | AA2: 6月 | AB2: 7月 | AC2: 8月 | AD2: 9月 | AE2: 10月 | AF2: 11月 | AG2: 12月 | AH2: 12月环比11月 | AK2: 店名 | AM2: 时段 | AN2: 1月 | AO2: 2月 | AP2: 3月 | AQ2: 4月 | AR2: 5月 | AS2: 6月 | AT2: 7月 | AU2: 8月 | AV2: 9月 | AW2: 10月 | AX2: 11月 | AY2: 12月 | AZ2: 12月环比11月
A3: 步行街店 | B3: 00:00-05:00 | C3: 0-5点时段 | H3: 12.5 | I3: 76 | J3: 25 | K3: 8 | L3: 4 | M3: 8 | O3: 42 | P3: =O3/31-N3/30 -> 1.3548387 | S3: 东辉店 | T3: 00:00-05:00 | U3: 0-5点时段 | AA3: 103.31 | AB3: 112.36 | AC3: 333.57 | AD3: 106.14 | AE3: 20.01 | AF3: 9.63 | AH3: =AG3/31-AF3/30 -> -0.321 | AK3: 华科店 | AL3: 00:00-05:00 | AM3: 0-5点时段 | AN3: 112 | AO3: 55 | AP3: 149 | AQ3: 112.5 | AR3: 63 | AS3: 63.5 | AT3: 292.62 | AU3: 920.24 | AV3: 1050.23 | AW3: 894.02 | AX3: 649.26 | AY3: 987.05 | AZ3: =AY3/31-AW3/30 -> 2.0396559
B4: 05:00-06:00 | C4: 5点时段 | D4: 264.5 | E4: 258 | F4: 165.5 | G4: 115.5 | H4: 721.09 | I4: 237 | J4: 427 | K4: 361.5 | L4: 392 | M4: 329.5 | N4: 147 | O4: 3490.6 | P4: =O4/31-N4/30 -> 107.7 | T4: 05:00-06:00 | U4: 5点时段 | Y4: 114 | Z4: 210 | AA4: 551.29 | AB4: 891.53 | AC4: 495.12 | AD4: 198.79 | AE4: 227.94 | AF4: 262.61 | AG4: 209.01 | AH4: =AG4/31-AF4/30 -> -2.0114086 | AL4: 05:00-06:00 | AM4: 5点时段 | AN4: 1133.9 | AO4: 1251.61 | AP4: 1703.15 | AQ4: 1808.09 | AR4: 2019.67 | AS4: 2403.98 | AT4: 2616.22 | AU4: 2204.75 | AV4: 2169.79 | AW4: 2022.51 | AX4: 1824.92 | AY4: 1671.2 | AZ4: =AY4/31-AW4/30 -> -13.507323
B5: 06:00-07:00 | C5: 6点时段 | D5: 2174.5 | E5: 2750 | F5: 4262 | G5: 5829.6 | H5: 6809.73 | I5: 6248.32 | J5: 6236.8 | K5: 5967.07 | L5: 7341.28 | M5: 5229.6 | N5: 3470.1 | O5: 23384 | P5: =O5/31-N5/30 -> 638.65258 | T5: 06:00-07:00 | U5: 6点时段 | X5: 1264.6 | Y5: 4186.6 | Z5: 4445.1 | AA5: 5218.22 | AB5: 5480.88 | AC5: 4675.3 | AD5: 4508.96 | AE5: 4489.69 | AF5: 4538.74 | AG5: 5131.28 | AH5: =AG5/31-AF5/30 -> 14.233828 | AL5: 06:00-07:00 | AM5: 6点时段 | AN5: 8265.39 | AO5: 7263.14 | AP5: 10478 | AQ5: 13058.02 | AR5: 13842.04 | AS5: 14383.59 | AT5: 17049.01 | AU5: 16610.75 | AV5: 17270.86 | AW5: 13792.3 | AX5: 13954.37 | AY5: 14266.4 | AZ5: =AY5/31-AW5/30 -> 0.46311828
B6: 07:00-08:00 | C6: 7点时段 | D6: 15392.5 | E6: 15147.67 | F6: 19091.5 | G6: 22408.5 | H6: 24325.97 | I6: 20342.54 | J6: 28319.21 | K6: 20438.52 | L6: 19680.84 | M6: 18517.43 | N6: 18834.2 | O6: 33219.53 | P6: =O6/31-N6/30 -> 443.79108 | T6: 07:00-08:00 | U6: 7点时段 | X6: 4897.3 | Y6: 15761.6 | Z6: 14560.32 | AA6: 14015.36 | AB6: 19293.95 | AC6: 17296.28 | AD6: 14717.27 | AE6: 13992.18 | AF6: 12980.28 | AG6: 13826.16 | AH6: =AG6/31-AF6/30 -> 13.329161 | AL6: 07:00-08:00 | AM6: 7点时段 | AN6: 25565.39 | AO6: 27054.78 | AP6: 34997.87 | AQ6: 37345.1 | AR6: 38760.7 | AS6: 34234.95 | AT6: 47304.4 | AU6: 46187.35 | AV6: 42038.83 | AW6: 37820.64 | AX6: 35098.76 | AY6: 36454.15 | AZ6: =AY6/31-AW6/30 -> -84.747677
B7: 08:00-09:00 | C7: 8点时段 | D7: 25286.78 | E7: 23655.43 | F7: 28832 | G7: 28930.4 | H7: 31840.22 | I7: 25817.63 | J7: 31319.13 | K7: 28277.4 | L7: 24741.73 | M7: 24164.8 | N7: 24647.63 | O7: 22725.18 | P7: =O7/31-N7/30 -> -88.517344 | T7: 08:00-09:00 | U7: 8点时段 | X7: 7671 | Y7: 23156.9 | Z7: 20848.54 | AA7: 21668.61 | AB7: 26806.74 | AC7: 26506.52 | AD7: 21423.68 | AE7: 21284.4 | AF7: 19632.57 | AG7: 22150.88 | AH7: =AG7/31-AF7/30 -> 60.125516 | AL7: 08:00-09:00 | AM7: 8点时段 | AN7: 49572.86 | AO7: 48613.68 | AP7: 52207.39 | AQ7: 50598.23 | AR7: 53252.87 | AS7: 48768.51 | AT7: 62219.06 | AU7: 63854.81 | AV7: 54902.56 | AW7: 58656.67 | AX7: 55219.34 | AY7: 58121.76 | AZ7: =AY7/31-AW7/30 -> -80.326849
B8: 09:00-10:00 | C8: 9点时段 | D8: 18670.5 | E8: 17627 | F8: 18617 | G8: 16214.4 | H8: 18028.7 | I8: 15211.6 | J8: 19147.36 | K8: 17669.58 | L8: 13192.66 | M8: 16067.23 | N8: 17710.23 | O8: 10853.49 | P8: =O8/31-N8/30 -> -240.22842 | T8: 09:00-10:00 | U8: 9点时段 | X8: 3978 | Y8: 12030.2 | Z8: 10980.3 | AA8: 12308.77 | AB8: 14059.5 | AC8: 15369.51 | AD8: 9614.6 | AE8: 12879.78 | AF8: 10455.23 | AG8: 11993.79 | AH8: =AG8/31-AF8/30 -> 38.388785 | AL8: 09:00-10:00 | AM8: 9点时段 | AN8: 46423.74 | AO8: 45123.73 | AP8: 39947.99 | AQ8: 35714.67 | AR8: 40527.36 | AS8: 36069.66 | AT8: 47075.86 | AU8: 53213.35 | AV8: 37809.89 | AW8: 44549.88 | AX8: 42147.09 | AY8: 43019.85 | AZ8: =AY8/31-AW8/30 -> -97.258903
B9: 10:00-11:00 | C9: 10点时段 | D9: 11735.52 | E9: 11096 | F9: 10288 | G9: 8339 | H9: 9503.7 | I9: 8667.78 | J9: 9920.23 | K9: 8412.23 | L9: 6821.4 | M9: 6784.77 | N9: 8751 | O9: 10542.65 | P9: =O9/31-N9/30 -> 48.385484 | T9: 10:00-11:00 | U9: 10点时段 | X9: 1992.2 | Y9: 5934 | Z9: 5548.84 | AA9: 7024.85 | AB9: 8444.95 | AC9: 8296.6 | AD9: 6347.13 | AE9: 7485.87 | AF9: 6495.03 | AG9: 8284.76 | AH9: =AG9/31-AF9/30 -> 50.749323 | AL9: 10:00-11:00 | AM9: 10点时段 | AN9: 27108.57 | AO9: 26056.2 | AP9: 22107.74 | AQ9: 18037.97 | AR9: 20868.99 | AS9: 20689.19 | AT9: 26572.11 | AU9: 32696.98 | AV9: 23898.08 | AW9: 25282.05 | AX9: 24249.9 | AY9: 28699.33 | AZ9: =AY9/31-AW9/30 -> 83.049839
B10: 11:00-12:00 | C10: 11点时段 | D10: 8210.94 | E10: 8265 | F10: 7918 | G10: 7238.96 | H10: 6515.41 | I10: 5364.97 | J10: 5705.98 | K10: 5673.53 | L10: 7021.6 | M10: 7761.2 | N10: 6904.24 | O10: 23942.3 | P10: =O10/31-N10/30 -> 542.19092 | T10: 11:00-12:00 | U10: 11点时段 | X10: 4160.4 | Y10: 10335 | Z10: 10271.8 | AA10: 11346.95 | AB10: 12901.7 | AC10: 12498.66 | AD10: 10036.43 | AE10: 11473.04 | AF10: 13947.04 | AG10: 20079.82 | AH10: =AG10/31-AF10/30 -> 182.8348 | AL10: 11:00-12:00 | AM10: 11点时段 | AN10: 50103.87 | AO10: 46767.11 | AP10: 58937.28 | AQ10: 57175.59 | AR10: 57163.09 | AS10: 57796.04 | AT10: 65946.91 | AU10: 70590.42 | AV10: 67970.48 | AW10: 60914.04 | AX10: 63793.4 | AY10: 73655.68 | AZ10: =AY10/31-AW10/30 -> 345.52168
B11: 12:00-13:00 | C11: 12点时段 | D11: 18622 | E11: 17072 | F11: 17233.5 | G11: 15651 | H11: 14189.24 | I11: 12515.88 | J11: 16664.47 | K11: 12408.1 | L11: 11512.8 | M11: 12941.1 | N11: 17161.9 | O11: 6292.9 | P11: =O11/31-N11/30 -> -369.06656 | T11: 12:00-13:00 | U11: 12点时段 | X11: 6061.1 | Y11: 21336.7 | Z11: 19676.3 | AA11: 19358.61 | AB11: 25775.17 | AC11: 19626.65 | AD11: 17476.12 | AE11: 17346.56 | AF11: 18984.01 | AG11: 23695 | AH11: =AG11/31-AF11/30 -> 131.55451 | AL11: 12:00-13:00 | AM11: 12点时段 | AN11: 73019 | AO11: 63498.77 | AP11: 81339.21 | AQ11: 76941.11 | AR11: 71728.51 | AS11: 70609.28 | AT11: 73921.49 | AU11: 74087.77 | AV11: 78027.2 | AW11: 77063.71 | AX11: 78818.07 | AY11: 86449.45 | AZ11: =AY11/31-AW11/30 -> 219.9016
B12: 13:00-14:00 | C12: 13点时段 | D12: 5153.83 | E12: 5334 | F12: 4183 | G12: 3843.5 | H12: 4380.56 | I12: 3337.89 | J12: 3426.17 | K12: 3044.23 | L12: 3110.2 | M12: 3129.63 | N12: 4295.2 | O12: 2399.69 | P12: =O12/31-N12/30 -> -65.763978 | T12: 13:00-14:00 | U12: 13点时段 | X12: 1794.3 | Y12: 6621.4 | Z12: 6507.8 | AA12: 6372.19 | AB12: 7236.65 | AC12: 6708.22 | AD12: 5377.53 | AE12: 6959.81 | AF12: 6561.8 | AG12: 7946.73 | AH12: =AG12/31-AF12/30 -> 37.619462 | AL12: 13:00-14:00 | AM12: 13点时段 | AN12: 29708.59 | AO12: 26740.65 | AP12: 30324.78 | AQ12: 23984.62 | AR12: 24782.2 | AS12: 22897.93 | AT12: 25587.81 | AU12: 26062.52 | AV12: 25263.18 | AW12: 26369.74 | AX12: 27151.22 | AY12: 29204.71 | AZ12: =AY12/31-AW12/30 -> 63.096086
B13: 14:00-15:00 | C13: 14点时段 | D13: 2276.5 | E13: 2021.5 | F13: 1714 | G13: 1810 | H13: 1428.77 | I13: 1323 | J13: 1034.19 | K13: 1153.83 | L13: 1175.1 | M13: 1180.1 | N13: 1492.5 | O13: 1395.9 | P13: =O13/31-N13/30 -> -4.7209677 | T13: 14:00-15:00 | U13: 14点时段 | X13: 947.4 | Y13: 3646.4 | Z13: 2932.01 | AA13: 4118.17 | AB13: 3796.05 | AC13: 3408.71 | AD13: 2874.71 | AE13: 4189.76 | AF13: 2930.11 | AG13: 3562.88 | AH13: =AG13/31-AF13/30 -> 17.26128 | AL13: 14:00-15:00 | AM13: 14点时段 | AN13: 13723.51 | AO13: 11478 | AP13: 12139.28 | AQ13: 9480.86 | AR13: 10028.22 | AS13: 9143.01 | AT13: 9292.81 | AU13: 9383.15 | AV13: 8952.64 | AW13: 10755.29 | AX13: 10394.94 | AY13: 12269.92 | AZ13: =AY13/31-AW13/30 -> 37.294204
B14: 15:00-16:00 | C14: 15点时段 | D14: 1248.5 | E14: 1587 | F14: 1121 | G14: 941.5 | H14: 1130.17 | I14: 810.04 | J14: 892.4 | K14: 894.67 | L14: 835 | M14: 1114.3 | N14: 1197.4 | O14: 1643.9 | P14: =O14/31-N14/30 -> 13.115699 | T14: 15:00-16:00 | U14: 15点时段 | X14: 937.9 | Y14: 2139.6 | Z14: 1687.96 | AA14: 2691.34 | AB14: 2112.77 | AC14: 2412.22 | AD14: 1911.71 | AE14: 2750.96 | AF14: 2267.22 | AG14: 2476.59 | AH14: =AG14/31-AF14/30 -> 4.316 | AL14: 15:00-16:00 | AM14: 15点时段 | AN14: 7142.58 | AO14: 6417.21 | AP14: 7317.01 | AQ14: 5736.77 | AR14: 5135.73 | AS14: 4087.94 | AT14: 4969.34 | AU14: 5645.93 | AV14: 4812.06 | AW14: 5287.64 | AX14: 4862.04 | AY14: 6279.44 | AZ14: =AY14/31-AW14/30 -> 26.307914
B15: 16:00-17:00 | C15: 16点时段 | D15: 1062 | E15: 1880 | F15: 1502.5 | G15: 1167.5 | H15: 1199 | I15: 1241.5 | J15: 794.23 | K15: 588.4 | L15: 854.2 | M15: 1116.2 | N15: 1216.2 | O15: 3987.5 | P15: =O15/31-N15/30 -> 88.089032 | T15: 16:00-17:00 | U15: 16点时段 | X15: 532.7 | Y15: 1845.5 | Z15: 1755.63 | AA15: 1893.97 | AB15: 2050.7 | AC15: 2369.88 | AD15: 1931.37 | AE15: 2531.97 | AF15: 1804.78 | AG15: 2520.75 | AH15: =AG15/31-AF15/30 -> 21.155183 | AL15: 16:00-17:00 | AM15: 16点时段 | AN15: 6309.92 | AO15: 6887.18 | AP15: 7034.94 | AQ15: 5650.9 | AR15: 5046.92 | AS15: 6023.02 | AT15: 5743.85 | AU15: 5860.14 | AV15: 6480.44 | AW15: 6802.05 | AX15: 7430.19 | AY15: 8072.21 | AZ15: =AY15/31-AW15/30 -> 33.658871
B16: 17:00-18:00 | C16: 17点时段 | D16: 2878 | E16: 3479 | F16: 3122.5 | G16: 3195 | H16: 3209.5 | I16: 2725.5 | J16: 2264.04 | K16: 1684.5 | L16: 2829.6 | M16: 2211.7 | N16: 3019.6 | O16: 3338.23 | P16: =O16/31-N16/30 -> 7.0315054 | T16: 17:00-18:00 | U16: 17点时段 | X16: 2328.4 | Y16: 5714.4 | Z16: 4464.47 | AA16: 4400.35 | AB16: 4889.75 | AC16: 4713.01 | AD16: 4007.83 | AE16: 4435.3 | AF16: 3703.11 | AG16: 6264.37 | AH16: =AG16/31-AF16/30 -> 78.639452 | AL16: 17:00-18:00 | AM16: 17点时段 | AN16: 28357.72 | AO16: 29405.17 | AP16: 34340.02 | AQ16: 33617.87 | AR16: 30610.14 | AS16: 32878.58 | AT16: 35226.27 | AU16: 34447.37 | AV16: 36319.32 | AW16: 35017.11 | AX16: 36065.79 | AY16: 36473.91 | AZ16: =AY16/31-AW16/30 -> 9.3407419
... B19: 20:00-21:00 | C19: 20点时段 | D19: 496 | E19: 460 | F19: 620.5 | G19: 730.5 | H19: 803.5 | I19: 794 | J19: 925.57 | K19: 647 | L19: 726.4 | M19: 517.5 | N19: 349 | O19: 27 | P19: =O19/31-N19/30 -> -10.762366 | T19: 20:00-21:00 | U19: 20点时段 | X19: 174 | Y19: 1742.1 | Z19: 1262.38 | AA19: 1237.63 | AB19: 551.54 | AC19: 129.31 | AD19: 535.08 | AE19: 445.91 | AF19: 41 | AG19: 17.5 | AH19: =AG19/31-AF19/30 -> -0.80215054 | AL19: 20:00-21:00 | AM19: 20点时段 | AN19: 11275.6 | AO19: 10386.08 | AP19: 10705.67 | AQ19: 10037.52 | AR19: 11115.26 | AS19: 9814.58 | AT19: 13030.74 | AU19: 14327.36 | AV19: 8255.2 | AW19: 10185.53 | AX19: 11067.02 | AY19: 9216.61 | AZ19: =AY19/31-AW19/30 -> -42.207667
B20: 21:00-22:00 | C20: 21点时段 | D20: 3 | E20: 36 | F20: 117 | G20: 31 | H20: 6 | I20: 29 | J20: 93 | K20: 21.5 | M20: 6 | N20: 39 | P20: =O20/31-N20/30 -> -1.3 | T20: 21:00-22:00 | U20: 21点时段 | AA20: 24.4 | AB20: 269.76 | AC20: 223.1 | AD20: 66.3 | AE20: 7.03 | AF20: 21.32 | AH20: =AG20/31-AF20/30 -> -0.71066667 | AL20: 21:00-22:00 | AM20: 21点时段 | AN20: 450 | AO20: 292.14 | AP20: 1308 | AQ20: 723 | AR20: 754.6 | AS20: 2615.03 | AT20: 792.45 | AU20: 245.66 | AV20: 1811.93 | AW20: 1997.42 | AX20: 605.8 | AY20: 500.2 | AZ20: =AY20/31-AW20/30 -> -50.445183
B21: 22:00-23:00 | C21: 22点时段 | P21: =O21/31-N21/30 -> 0 | T21: 22:00-23:00 | U21: 22点时段 | AA21: 68.86 | AB21: 339.94 | AC21: 178.62 | AD21: 59.98 | AE21: 8.13 | AF21: 10.33 | AG21: 8.61 | AH21: =AG21/31-AF21/30 -> -0.066591398 | AL21: 22:00-23:00 | AM21: 22点时段 | AT21: 293.3 | AU21: 394.98 | AV21: 19.24 | AX21: 32.27 | AZ21: =AY21/31-AW21/30 -> 0
B22: 23:00-24:00 | C22: 23点时段 | P22: =O22/31-N22/30 -> 0 | T22: 23:00-24:00 | U22: 23点时段 | AA22: 61.97 | AB22: 444.57 | AC22: 167.9 | AD22: 77.78 | AE22: 32.77 | AH22: =AG22/31-AF22/30 -> 0 | AL22: 23:00-24:00 | AM22: 23点时段 | AT22: 437.96 | AU22: 406.34 | AV22: 71.83 | AW22: 20.51 | AY22: 32.58 | AZ22: =AY22/31-AW22/30 -> 0.36730108
B23: 小计 | D23: =SUM(D3:D22) -> 116818.57 | E23: =SUM(E3:E22) -> 114597.6 | F23: =SUM(F3:F22) -> 123034.5 | G23: =SUM(G3:G22) -> 120148.86 | H23: =SUM(H3:H22) -> 128636.19 | I23: =SUM(I3:I22) -> 108671.87 | J23: =SUM(J3:J22) -> 132395.22 | K23: =SUM(K3:K22) -> 111061.15 | ... O23: =SUM(O3:O22) -> 149046.9 | P23: =O23/31-N23/30 -> 1069.4052 | T23: 小计 | V23: =SUM(V3:V22) -> 0 | W23: =SUM(W3:W22) -> 0 | X23: =SUM(X3:X22) -> 41818.6 | Y23: =SUM(Y3:Y22) -> 127459 | Z23: =SUM(Z3:Z22) -> 115459.74 | AA23: =SUM(AA3:AA22) -> 124882.46 | AB23: =SUM(AB3:AB22) -> 147010.74 | AC23: =SUM(AC3:AC22) -> 135766.6 | ... AG23: =SUM(AG3:AG22) -> 138818.92 | AH23: =AG23/31-AF23/30 -> 711.59601 | AL23: 小计 | AN23: =SUM(AN3:AN22) -> 436242.41 | AO23: =SUM(AO3:AO22) -> 417593.21 | AP23: =SUM(AP3:AP22) -> 472866.48 | AQ23: =SUM(AQ3:AQ22) -> 441051.47 | AR23: =SUM(AR3:AR22) -> 441250.56 | AS23: =SUM(AS3:AS22) -> 429686.25 | AT23: =SUM(AT3:AT22) -> 508837.11 | AU23: =SUM(AU3:AU22) -> 524304.66 | ... AY23: =SUM(AY3:AY22) -> 497683.02 | AZ23: =AY23/31-AW23/30 -> 288.55097
A26: 店名 | C26: 时段 | D26: 1月 | E26: 2月 | F26: 3月 | G26: 4月 | H26: 5月 | I26: 6月 | J26: 7月 | K26: 8月 | L26: 9月 | M26: 10月 | N26: 11月 | O26: 12月 | P26: 12月环比11月 | S26: 店名 | U26: 时段 | V26: 1月 | W26: 2月 | X26: 3月 | Y26: 4月 | Z26: 5月 | AA26: 6月 | AB26: 7月 | AC26: 8月 | AD26: 9月 | AE26: 10月 | AF26: 11月 | AG26: 12月 | AH26: 12月环比11月
A27: 十一小区店 | B27: 00:00-05:00 | C27: 0-5点时段 | K27: 1861.39 | L27: 826.16 | M27: 366.19 | N27: 184.67 | O27: 299.8 | P27: =O27/31-N27/30 -> 3.5153011 | S27: 新华路店 | T27: 00:00-05:00 | U27: 0-5点时段 | AA27: 26.54 | AB27: 465.84 | AC27: 258.44 | AD27: 57.35 | AE27: 55.31 | AF27: 16.1 | AG27: 63.32 | AH27: =AG27/31-AF27/30 -> 1.505914
B28: 05:00-06:00 | C28: 5点时段 | D28: 431 | E28: 311.5 | F28: 611.72 | G28: 853 | H28: 1172.94 | I28: 1097 | J28: 1660.84 | K28: 1446.86 | L28: 823.36 | M28: 640.53 | N28: 1147.14 | O28: 1053.96 | P28: =O28/31-N28/30 -> -4.2392903 | T28: 05:00-06:00 | U28: 5点时段 | V28: 232.5 | W28: 174.5 | X28: 183 | Y28: 204.13 | Z28: 256.69 | AA28: 387.07 | AB28: 1726.92 | AC28: 1355.22 | AD28: 931.78 | AE28: 513.55 | AF28: 429.84 | AG28: 440.55 | AH28: =AG28/31-AF28/30 -> -0.11670968
B29: 06:00-07:00 | C29: 6点时段 | D29: 3907.18 | E29: 3373 | F29: 5733.74 | G29: 9415.59 | H29: 9500.17 | I29: 8324.05 | J29: 10528.62 | K29: 9729.95 | L29: 11755.29 | M29: 10328.51 | N29: 9871.69 | O29: 9114.77 | P29: =O29/31-N29/30 -> -35.031495 | T29: 06:00-07:00 | U29: 6点时段 | V29: 7749.49 | W29: 8372.68 | X29: 11445.48 | Y29: 14547.93 | Z29: 15627.7 | AA29: 15824.74 | AB29: 18038.75 | AC29: 13958.4 | AD29: 16569.83 | AE29: 14590.38 | AF29: 13089.39 | AG29: 12420.82 | AH29: =AG29/31-AF29/30 -> -35.641387
B30: 07:00-08:00 | C30: 7点时段 | D30: 16656.16 | E30: 17880.69 | F30: 26995.44 | G30: 30571.35 | H30: 30226.38 | I30: 24038.41 | J30: 30957.16 | K30: 28549.67 | L30: 28273.57 | M30: 29988.93 | N30: 26949.24 | O30: 24794.52 | P30: =O30/31-N30/30 -> -98.484774 | T30: 07:00-08:00 | U30: 7点时段 | V30: 25752.03 | W30: 27107.36 | X30: 29136.53 | Y30: 35340.62 | Z30: 37223.58 | AA30: 35240.11 | AB30: 39332.95 | AC30: 33898.55 | AD30: 32493.3 | AE30: 33059.05 | AF30: 30805.88 | AG30: 27369.11 | AH30: =AG30/31-AF30/30 -> -143.98815
B31: 08:00-09:00 | C31: 8点时段 | D31: 24798.2 | E31: 23761.3 | F31: 31226.51 | G31: 28470.5 | H31: 32394.88 | I31: 27956.56 | J31: 35251.14 | K31: 36945.8 | L31: 29147.54 | M31: 32207.82 | N31: 33371.81 | O31: 33181.69 | P31: =O31/31-N31/30 -> -42.01657 | T31: 08:00-09:00 | U31: 8点时段 | V31: 36198.83 | W31: 34164.55 | X31: 36918.71 | Y31: 38846.62 | Z31: 37940.21 | AA31: 40373.87 | AB31: 46385.17 | AC31: 44580.1 | AD31: 37150.31 | AE31: 41832.7 | AF31: 38772 | AG31: 40741.49 | AH31: =AG31/31-AF31/30 -> 21.841613
B32: 09:00-10:00 | C32: 9点时段 | D32: 21532.16 | E32: 19505.04 | F32: 21250.35 | G32: 20317.87 | H32: 21405.97 | I32: 17488.24 | J32: 22226.22 | K32: 25842.25 | L32: 18240.58 | M32: 22838.3 | N32: 22511.11 | O32: 23924.17 | P32: =O32/31-N32/30 -> 21.377086 | T32: 09:00-10:00 | U32: 9点时段 | V32: 27218.57 | W32: 23001.09 | X32: 22565.97 | Y32: 23962.89 | Z32: 26290.93 | AA32: 27040.68 | AB32: 31098.19 | AC32: 31981.66 | AD32: 23045.52 | AE32: 27011.66 | AF32: 25405.53 | AG32: 27666.91 | AH32: =AG32/31-AF32/30 -> 45.629968
B33: 10:00-11:00 | C33: 10点时段 | D33: 11458.45 | E33: 10324.71 | F33: 10336.13 | G33: 8732.06 | H33: 9981.95 | I33: 10246.08 | J33: 11748.66 | K33: 14005.05 | L33: 9146.58 | M33: 11580.31 | N33: 11936.55 | O33: 13774.74 | P33: =O33/31-N33/30 -> 46.461452 | T33: 10:00-11:00 | U33: 10点时段 | V33: 16948.74 | W33: 15573.42 | X33: 12712.31 | Y33: 12682.23 | Z33: 14972.85 | AA33: 17078.33 | AB33: 18367.5 | AC33: 20364.16 | AD33: 13602.42 | AE33: 16403.05 | AF33: 15376.46 | AG33: 18208.76 | AH33: =AG33/31-AF33/30 -> 74.830688
B34: 11:00-12:00 | C34: 11点时段 | D34: 7568.13 | E34: 9324.11 | F34: 9421.74 | G34: 9458.83 | H34: 9085.84 | I34: 8465.78 | J34: 9566.58 | K34: 10215.62 | L34: 9322.95 | M34: 10667.33 | N34: 13633.62 | O34: 17573.88 | P34: =O34/31-N34/30 -> 112.44535 | T34: 11:00-12:00 | U34: 11点时段 | V34: 17752.48 | W34: 19439.72 | X34: 17583.5 | Y34: 21495.11 | Z34: 20139.58 | AA34: 22569.41 | AB34: 22457.74 | AC34: 25238.93 | AD34: 22949.51 | AE34: 27542.98 | AF34: 24013.94 | AG34: 25253.82 | AH34: =AG34/31-AF34/30 -> 14.174688
B35: 12:00-13:00 | C35: 12点时段 | D35: 10546.73 | E35: 12928.38 | F35: 12527.31 | G35: 11714.03 | H35: 11634.37 | I35: 10903.39 | J35: 11669.63 | K35: 10661.35 | L35: 10208.4 | M35: 11395.96 | N35: 14121.76 | O35: 20507.43 | P35: =O35/31-N35/30 -> 190.80467 | T35: 12:00-13:00 | U35: 12点时段 | V35: 22245.09 | W35: 23069.25 | X35: 22351.02 | Y35: 25300.29 | Z35: 24008.71 | AA35: 24007.57 | AB35: 24070.95 | AC35: 23292.44 | AD35: 24050.46 | AE35: 25206.57 | AF35: 24446.83 | AG35: 25659.08 | AH35: =AG35/31-AF35/30 -> 12.817925
B36: 13:00-14:00 | C36: 13点时段 | D36: 4454.19 | E36: 5424.71 | F36: 5045.6 | G36: 4884.72 | H36: 5176.87 | I36: 3886.57 | J36: 4351.27 | K36: 4655.96 | L36: 4498.74 | M36: 4998.99 | N36: 6609.04 | O36: 9715.57 | P36: =O36/31-N36/30 -> 93.104151 | T36: 13:00-14:00 | U36: 13点时段 | V36: 10478.15 | W36: 9880.21 | X36: 10484.57 | Y36: 10503.84 | Z36: 11519.28 | AA36: 11989.6 | AB36: 11568.39 | AC36: 10896.06 | AD36: 10618.65 | AE36: 12354.61 | AF36: 13530.69 | AG36: 13629.48 | AH36: =AG36/31-AF36/30 -> -11.362355
B37: 14:00-15:00 | C37: 14点时段 | D37: 2485.65 | E37: 2220.32 | F37: 2624 | G37: 2108.5 | H37: 2120.66 | I37: 1954.55 | J37: 1554.91 | K37: 2288.32 | L37: 2338.16 | M37: 2605.52 | N37: 3734.45 | O37: 4557.37 | P37: =O37/31-N37/30 -> 22.530269 | T37: 14:00-15:00 | U37: 14点时段 | V37: 5740.33 | W37: 7556.95 | X37: 4781.69 | Y37: 4584.09 | Z37: 6467.18 | AA37: 5762.93 | AB37: 5206.9 | AC37: 6132.9 | AD37: 5468.76 | AE37: 6346.9 | AF37: 7284.48 | AG37: 7702.67 | AH37: =AG37/31-AF37/30 -> 5.6572258
B38: 15:00-16:00 | C38: 15点时段 | D38: 806.63 | E38: 1342 | F38: 1367 | G38: 1209.5 | H38: 1024.84 | I38: 1234.58 | J38: 1150.57 | K38: 1132.2 | L38: 1136.73 | M38: 1377.11 | N38: 1733.19 | O38: 2547.48 | P38: =O38/31-N38/30 -> 24.403774 | T38: 15:00-16:00 | U38: 15点时段 | V38: 6013.57 | W38: 3146.47 | X38: 3125.34 | Y38: 3185.17 | Z38: 2828.45 | AA38: 3296.91 | AB38: 3539.3 | AC38: 3164.98 | AD38: 3360.97 | AE38: 3894.16 | AF38: 4193.68 | AG38: 4258.28 | AH38: =AG38/31-AF38/30 -> -2.4254624
B39: 16:00-17:00 | C39: 16点时段 | D39: 661 | E39: 878.82 | F39: 958 | G39: 1105.47 | H39: 1199.31 | I39: 1316.25 | J39: 867.87 | K39: 1193.72 | L39: 1224.59 | M39: 1368.54 | N39: 1404.36 | O39: 2641.76 | P39: =O39/31-N39/30 -> 38.406065 | T39: 16:00-17:00 | U39: 16点时段 | V39: 4931.63 | W39: 2971.52 | X39: 3245.19 | Y39: 3393.9 | Z39: 3844.19 | AA39: 4123.34 | AB39: 4197.69 | AC39: 3285.38 | AD39: 3211.49 | AE39: 3943.48 | AF39: 5544.21 | AG39: 5134.05 | AH39: =AG39/31-AF39/30 -> -19.192484
... B43: 20:00-21:00 | C43: 20点时段 | D43: 200.5 | E43: 165.5 | F43: 401.5 | G43: 534.5 | H43: 540 | I43: 348.51 | J43: 498.04 | K43: 590.53 | L43: 381.05 | M43: 209 | N43: 427.5 | O43: 124.5 | P43: =O43/31-N43/30 -> -10.233871 | T43: 20:00-21:00 | U43: 20点时段 | V43: 1495.75 | W43: 1963.95 | X43: 1854.41 | Y43: 1930.92 | Z43: 2032.11 | AA43: 2031.55 | AB43: 2926.42 | AC43: 1608.79 | AD43: 2350.17 | AE43: 1570 | AF43: 1740.66 | AG43: 1373.74 | AH43: =AG43/31-AF43/30 -> -13.707806
B44: 21:00-22:00 | C44: 21点时段 | H44: 6.72 | K44: 26.66 | L44: 15.14 | M44: 8.51 | O44: 20.26 | P44: =O44/31-N44/30 -> 0.65354839 | T44: 21:00-22:00 | U44: 21点时段 | V44: 17 | Y44: 13.98 | Z44: 18.19 | AA44: 53.65 | AB44: 413.61 | AC44: 201.88 | AD44: 124.44 | AE44: 161.88 | AF44: 34.33 | AG44: 19.32 | AH44: =AG44/31-AF44/30 -> -0.52110753
B45: 22:00-23:00 | C45: 22点时段 | O45: 15.08 | P45: =O45/31-N45/30 -> 0.48645161 | T45: 22:00-23:00 | U45: 22点时段 | Z45: 41.14 | AA45: 36.79 | AB45: 700.31 | AC45: 245.27 | AD45: 101.21 | AE45: 201.38 | AF45: 67.68 | AG45: 41.01 | AH45: =AG45/31-AF45/30 -> -0.93309677
B46: 23:00-24:00 | C46: 23点时段 | M46: 15.81 | O46: 9.08 | P46: =O46/31-N46/30 -> 0.29290323 | T46: 23:00-24:00 | U46: 23点时段 | AA46: 8.93 | AB46: 289.18 | AC46: 78.82 | AD46: 124.25 | AE46: 64.68 | AF46: 56.64 | AG46: 41.46 | AH46: =AG46/31-AF46/30 -> -0.55058065
B47: 小计 | D47: =SUM(D27:D46) -> 110490.1 | E47: =SUM(E27:E46) -> 112999.86 | F47: =SUM(F27:F46) -> 135689.62 | G47: =SUM(G27:G46) -> 137818.52 | H47: =SUM(H27:H46) -> 144001.19 | I47: =SUM(I27:I46) -> 125642.23 | J47: =SUM(J27:J46) -> 150616.61 | K47: =SUM(K27:K46) -> 157913.72 | ... O47: =SUM(O27:O46) -> 177423.76 | P47: =O47/31-N47/30 -> 420.73043 | T47: 小计 | V47: =SUM(V27:V46) -> 204443.9 | W47: =SUM(W27:W46) -> 198917.71 | X47: =SUM(X27:X46) -> 200662.98 | Y47: =SUM(Y27:Y46) -> 223430.34 | Z47: =SUM(Z27:Z46) -> 231711.14 | AA47: =SUM(AA27:AA46) -> 239019.58 | AB47: =SUM(AB27:AB46) -> 262238.91 | AC47: =SUM(AC27:AC46) -> 247409.77 | ... AG47: =SUM(AG27:AG46) -> 244959.47 | AH47: =AG47/31-AF47/30 -> 74.63672
A50: 店名 | C50: 时段 | D50: 1月 | E50: 2月 | F50: 3月 | G50: 4月 | H50: 5月 | I50: 6月 | J50: 7月 | K50: 8月 | L50: 9月 | M50: 10月 | N50: 11月 | O50: 12月 | P50: 12月环比11月 | S50: 店名 | U50: 时段 | V50: 1月 | W50: 2月 | X50: 3月 | Y50: 4月 | Z50: 5月 | AA50: 6月 | AB50: 7月 | AC50: 8月 | AD50: 9月 | AE50: 10月 | AF50: 11月 | AG50: 12月 | AH50: 12月环比11月
A51: 工厂店 | B51: 00:00-05:00 | C51: 0-5点时段 | D51: 34 | E51: 13 | F51: 19 | G51: 88 | H51: 62.5 | I51: 38 | J51: 64 | K51: 126 | L51: 47.11 | M51: 55.65 | N51: 44.29 | O51: 74.89 | P51: =O51/31-N51/30 -> 0.93947312 | S51: 铁机路店 | T51: 00:00-05:00 | U51: 0-5点时段 | AA51: 13.52 | AB51: 443.18 | AC51: 607.05 | AD51: 101.38 | AE51: 75.17 | AF51: 72.91 | AG51: 40.53 | AH51: =AG51/31-AF51/30 -> -1.122914
B52: 05:00-06:00 | C52: 5点时段 | D52: 1191 | E52: 1564 | F52: 1555 | G52: 4740 | H52: 4536.29 | I52: 4318.11 | J52: 6462.66 | K52: 3607.29 | L52: 2162.03 | M52: 1859.93 | N52: 1282.09 | O52: 1900.58 | P52: =O52/31-N52/30 -> 18.572699 | T52: 05:00-06:00 | U52: 5点时段 | W52: 166.9 | X52: 684.3 | Y52: 958.2 | Z52: 1418.5 | AA52: 1475.94 | AB52: 3762.58 | AC52: 2476.17 | AD52: 1126.32 | AE52: 1000.97 | AF52: 1233.28 | AG52: 965.82 | AH52: =AG52/31-AF52/30 -> -9.9538495
B53: 06:00-07:00 | C53: 6点时段 | D53: 7032 | E53: 5455 | F53: 10921 | G53: 17934 | H53: 18671.79 | I53: 16075.25 | J53: 25979.67 | K53: 25036.88 | L53: 23739.96 | M53: 14402.68 | N53: 10410.07 | O53: 9921.05 | P53: =O53/31-N53/30 -> -26.968462 | T53: 06:00-07:00 | U53: 6点时段 | W53: 2355.8 | X53: 6370.1 | Y53: 7767.9 | Z53: 7866.19 | AA53: 7632.51 | AB53: 8442.64 | AC53: 9309.5 | AD53: 8223.79 | AE53: 8368.09 | AF53: 6709.24 | AG53: 8160.27 | AH53: =AG53/31-AF53/30 -> 39.593183
B54: 07:00-08:00 | C54: 7点时段 | D54: 26296 | E54: 27125.5 | F54: 34532 | G54: 34307 | H54: 33649.57 | I54: 32891.7 | J54: 40102.35 | K54: 38496.98 | L54: 38681.89 | M54: 35798.09 | N54: 34214.71 | O54: 37481.27 | P54: =O54/31-N54/30 -> 68.582892 | T54: 07:00-08:00 | U54: 7点时段 | W54: 8520.4 | X54: 14794.5 | Y54: 14561.6 | Z54: 14493.67 | AA54: 13902.27 | AB54: 16165.99 | AC54: 18490.87 | AD54: 16591 | AE54: 17943.07 | AF54: 16394.11 | AG54: 18875.99 | AH54: =AG54/31-AF54/30 -> 62.43257
B55: 08:00-09:00 | C55: 8点时段 | D55: 31960 | E55: 34002 | F55: 35024 | G55: 33611 | H55: 34026.55 | I55: 33436.42 | J55: 39679.93 | K55: 38014.18 | L55: 34924.56 | M55: 36727.4 | N55: 32433.45 | O55: 37743.44 | P55: =O55/31-N55/30 -> 136.41532 | T55: 08:00-09:00 | U55: 8点时段 | W55: 15521 | X55: 22640 | Y55: 18382.8 | Z55: 18578.53 | AA55: 16616.1 | AB55: 20833.33 | AC55: 23308.73 | AD55: 19717.15 | AE55: 22868.92 | AF55: 22539.65 | AG55: 25403.63 | AH55: =AG55/31-AF55/30 -> 68.150269
B56: 09:00-10:00 | C56: 9点时段 | D56: 17890 | E56: 17717.5 | F56: 18929 | G56: 15047 | H56: 17083.22 | I56: 16048.25 | J56: 20920.1 | K56: 21475.48 | L56: 19391.7 | M56: 21381 | N56: 18556.89 | O56: 20323.9 | P56: =O56/31-N56/30 -> 37.046677 | T56: 09:00-10:00 | U56: 9点时段 | W56: 12302.1 | X56: 17101.5 | Y56: 13116.4 | Z56: 14315.64 | AA56: 12763.74 | AB56: 16639.07 | AC56: 19779 | AD56: 13565.96 | AE56: 18966.9 | AF56: 17219.76 | AG56: 18909.03 | AH56: =AG56/31-AF56/30 -> 35.97671
B57: 10:00-11:00 | C57: 10点时段 | D57: 9637.5 | E57: 8674 | F57: 8177 | G57: 7794.8 | H57: 7541.4 | I57: 8039.3 | J57: 8964.41 | K57: 10140.33 | L57: 10281.09 | M57: 12737.38 | N57: 9392.84 | O57: 12868.89 | P57: =O57/31-N57/30 -> 102.03082 | T57: 10:00-11:00 | U57: 10点时段 | W57: 6797.2 | X57: 9368.1 | Y57: 9281.9 | Z57: 8322.93 | AA57: 7691.63 | AB57: 9471.51 | AC57: 12081.35 | AD57: 8421.67 | AE57: 11123.1 | AF57: 9789.21 | AG57: 12340.36 | AH57: =AG57/31-AF57/30 -> 71.769129
B58: 11:00-12:00 | C58: 11点时段 | D58: 11861 | E58: 14185.5 | F58: 14014 | G58: 12570.1 | H58: 12063.05 | I58: 12337.15 | J58: 14981.34 | K58: 13547.61 | L58: 24951.46 | M58: 26060.95 | N58: 24927.28 | O58: 33473.59 | P58: =O58/31-N58/30 -> 248.88389 | T58: 11:00-12:00 | U58: 11点时段 | W58: 7783.6 | X58: 11908.3 | Y58: 11181.7 | Z58: 10954.27 | AA58: 10073.07 | AB58: 11214.89 | AC58: 13619.21 | AD58: 10996.65 | AE58: 16554.19 | AF58: 14445.19 | AG58: 18048.83 | AH58: =AG58/31-AF58/30 -> 100.71399
B59: 12:00-13:00 | C59: 12点时段 | D59: 14368.5 | E59: 16093.5 | F59: 16483.5 | G59: 14139.2 | H59: 14495.59 | I59: 12965.07 | J59: 12229.38 | K59: 13523.59 | L59: 22284.03 | M59: 22176.17 | N59: 22180.27 | O59: 30574.82 | P59: =O59/31-N59/30 -> 246.94218 | T59: 12:00-13:00 | U59: 12点时段 | W59: 12644.7 | X59: 20943.9 | Y59: 18255.2 | Z59: 20116.77 | AA59: 16179.05 | AB59: 14673.55 | AC59: 15832.78 | AD59: 14853.88 | AE59: 17744.64 | AF59: 16749.47 | AG59: 19069.77 | AH59: =AG59/31-AF59/30 -> 56.838204
B60: 13:00-14:00 | C60: 13点时段 | D60: 4530.5 | E60: 5148 | F60: 5110 | G60: 5139.4 | H60: 4564.6 | I60: 4101.23 | J60: 4740.53 | K60: 4959.5 | L60: 7370.5 | M60: 7244.61 | N60: 8230.16 | O60: 11250.02 | P60: =O60/31-N60/30 -> 88.565204 | T60: 13:00-14:00 | U60: 13点时段 | W60: 7616.6 | X60: 12116.8 | Y60: 11083.6 | Z60: 11492.37 | AA60: 10730.41 | AB60: 9637.16 | AC60: 9345.67 | AD60: 9868.9 | AE60: 11505.86 | AF60: 10869.21 | AG60: 13404.23 | AH60: =AG60/31-AF60/30 -> 70.087516
B61: 14:00-15:00 | C61: 14点时段 | D61: 2383 | E61: 2285 | F61: 2791 | G61: 2250 | H61: 2252.7 | I61: 1953.4 | J61: 2384.9 | K61: 2684.4 | L61: 3671.06 | M61: 4567.25 | N61: 3736.24 | O61: 5886.86 | P61: =O61/31-N61/30 -> 65.357376 | T61: 14:00-15:00 | U61: 14点时段 | W61: 4483.9 | X61: 6741.5 | Y61: 5887 | Z61: 6575.31 | AA61: 5646.02 | AB61: 5967.99 | AC61: 6783.12 | AD61: 5641.75 | AE61: 7081.97 | AF61: 6826.29 | AG61: 8354.58 | AH61: =AG61/31-AF61/30 -> 41.959581
B62: 15:00-16:00 | C62: 15点时段 | D62: 1136 | E62: 1790.5 | F62: 1795 | G62: 1260.5 | H62: 1724.99 | I62: 2043.7 | J62: 1492.8 | K62: 1176.4 | L62: 2291.4 | M62: 2676.61 | N62: 2720.14 | O62: 4143.48 | P62: =O62/31-N62/30 -> 42.989312 | T62: 15:00-16:00 | U62: 15点时段 | W62: 2447.4 | X62: 3596.1 | Y62: 3462.4 | Z62: 3958.32 | AA62: 3527.22 | AB62: 4150.02 | AC62: 4313.34 | AD62: 3218.35 | AE62: 4206.85 | AF62: 4457.63 | AG62: 5933.49 | AH62: =AG62/31-AF62/30 -> 42.815237
B63: 16:00-17:00 | C63: 16点时段 | D63: 1194 | E63: 1487.5 | F63: 1591.5 | G63: 2109.5 | H63: 1804.3 | I63: 1681.1 | J63: 1534.5 | K63: 2436.1 | L63: 3121.52 | M63: 2651.31 | N63: 3163.72 | O63: 5697.44 | P63: =O63/31-N63/30 -> 78.331054 | T63: 16:00-17:00 | U63: 16点时段 | W63: 2129.5 | X63: 3161.8 | Y63: 2535.8 | Z63: 3278.78 | AA63: 2641.83 | AB63: 2903.66 | AC63: 3568.32 | AD63: 3169.94 | AE63: 4255.3 | AF63: 3475.47 | AG63: 4002.98 | AH63: =AG63/31-AF63/30 -> 13.279387
... B66: 19:00-20:00 | C66: 19点时段 | D66: 323 | E66: 1284 | F66: 2702 | G66: 1521.5 | H66: 1700.43 | I66: 2141.8 | J66: 2044.52 | K66: 1676.8 | L66: 5753.84 | M66: 4486.39 | N66: 5183.61 | O66: 7393.83 | P66: =O66/31-N66/30 -> 65.723645 | T66: 19:00-20:00 | U66: 19点时段 | W66: 5336.8 | X66: 8539.8 | Y66: 8486 | Z66: 8291.22 | AA66: 7923.32 | AB66: 8634.09 | AC66: 8646.08 | AD66: 6964.9 | AE66: 7147.82 | AF66: 6475.69 | AG66: 7513.09 | AH66: =AG66/31-AF66/30 -> 26.501409
B67: 20:00-21:00 | C67: 20点时段 | K67: 601 | L67: 688.31 | M67: 265.05 | O67: 37.5 | P67: =O67/31-N67/30 -> 1.2096774 | T67: 20:00-21:00 | U67: 20点时段 | W67: 430.9 | X67: 3052.4 | Y67: 3122.5 | Z67: 3227.38 | AA67: 3282.76 | AB67: 2805.73 | AC67: 2230.78 | AD67: 1859.02 | AE67: 1840.12 | AF67: 1403.63 | AG67: 1464.18 | AH67: =AG67/31-AF67/30 -> 0.44394624
B68: 21:00-22:00 | C68: 21点时段 | L68: 35.9 | O68: 8.23 | P68: =O68/31-N68/30 -> 0.26548387 | T68: 21:00-22:00 | U68: 21点时段 | AA68: 12.81 | AH68: =AG68/31-AF68/30 -> 0
B69: 22:00-23:00 | C69: 22点时段 | P69: =O69/31-N69/30 -> 0 | T69: 22:00-23:00 | U69: 22点时段 | AH69: =AG69/31-AF69/30 -> 0
B70: 23:00-24:00 | C70: 23点时段 | M70: 18.23 | P70: =O70/31-N70/30 -> 0 | T70: 23:00-24:00 | U70: 23点时段 | AH70: =AG70/31-AF70/30 -> 0
B71: 小计 | D71: =SUM(D51:D70) -> 136025 | E71: =SUM(E51:E70) -> 145799.5 | F71: =SUM(F51:F70) -> 166490.5 | G71: =SUM(G51:G70) -> 163260.2 | H71: =SUM(H51:H70) -> 164370.79 | I71: =SUM(I51:I70) -> 156997.08 | J71: =SUM(J51:J70) -> 194112.93 | K71: =SUM(K51:K70) -> 190675.24 | ... O71: =SUM(O51:O70) -> 248381.65 | P71: =O71/31-N71/30 -> 1426.0156 | T71: 小计 | V71: =SUM(V51:V70) -> 0 | W71: =SUM(W51:W70) -> 100046.3 | X71: =SUM(X51:X70) -> 155780.9 | Y71: =SUM(Y51:Y70) -> 142137 | Z71: =SUM(Z51:Z70) -> 146108.97 | AA71: =SUM(AA51:AA70) -> 132483.6 | AB71: =SUM(AB51:AB70) -> 149499.94 | AC71: =SUM(AC51:AC70) -> 165453.41 | ... AG71: =SUM(AG51:AG70) -> 181043.08 | AH71: =AG71/31-AF71/30 -> 693.50902
A74: 店名 | C74: 时段 | D74: 1月 | E74: 2月 | F74: 3月 | G74: 4月 | H74: 5月 | I74: 6月 | J74: 7月 | K74: 8月 | L74: 9月 | M74: 10月 | N74: 11月 | O74: 12月 | P74: 12月环比11月
A75: 蔡甸中百店 | B75: 00:00-05:00 | C75: 0-5点时段 | L75: 55.83 | M75: 204.18 | N75: 83.06 | O75: 71.28 | P75: =O75/31-N75/30 -> -0.46931183
B76: 05:00-06:00 | C76: 5点时段 | D76: 29 | E76: 24 | F76: 49 | G76: 102 | H76: 319.09 | I76: 241.49 | J76: 273.77 | K76: 390.4 | L76: 402.58 | M76: 221.22 | N76: 181.24 | O76: 399.27 | P76: =O76/31-N76/30 -> 6.8383441
B77: 06:00-07:00 | C77: 6点时段 | D77: 1234.89 | E77: 1403 | F77: 1953.6 | G77: 2830.3 | H77: 3532.97 | I77: 3288.21 | J77: 3361.25 | K77: 2793.7 | L77: 5001.78 | M77: 3472.51 | N77: 2985.74 | O77: 2469.05 | P77: =O77/31-N77/30 -> -19.877892
B78: 07:00-08:00 | C78: 7点时段 | D78: 5957.67 | E78: 5920.34 | F78: 8635.13 | G78: 9192.14 | H78: 10674.82 | I78: 9683.76 | J78: 11591.12 | K78: 10596.68 | L78: 11753.65 | M78: 12794.23 | N78: 10589.69 | O78: 12717.64 | P78: =O78/31-N78/30 -> 57.256785
B79: 08:00-09:00 | C79: 8点时段 | D79: 13426.6 | E79: 12838.86 | F79: 13759.61 | G79: 14393.54 | H79: 16101.75 | I79: 13267.03 | J79: 14856.82 | K79: 15921.04 | L79: 16029.97 | M79: 19438.08 | N79: 19495.13 | O79: 22927.89 | P79: =O79/31-N79/30 -> 89.771688
B80: 09:00-10:00 | C80: 9点时段 | D80: 12045.56 | E80: 11265.1 | F80: 9908.44 | G80: 8987.52 | H80: 11566.21 | I80: 10981.73 | J80: 12121.93 | K80: 13071.76 | L80: 10584.53 | M80: 13388.09 | N80: 13924.85 | O80: 17322.91 | P80: =O80/31-N80/30 -> 94.641882
B81: 10:00-11:00 | C81: 10点时段 | D81: 9139.98 | E81: 7771.69 | F81: 5895.7 | G81: 5247.2 | H81: 6147.42 | I81: 5700.56 | J81: 7261.78 | K81: 7088.52 | L81: 5750.12 | M81: 7972.76 | N81: 7311.22 | O81: 9743.45 | P81: =O81/31-N81/30 -> 70.597505
B82: 11:00-12:00 | C82: 11点时段 | D82: 7388.46 | E82: 6535.44 | F82: 5937.84 | G82: 4795.17 | H82: 5484.96 | I82: 5859.14 | J82: 6637.82 | K82: 6903.83 | L82: 6468.38 | M82: 8207.75 | N82: 8643.06 | O82: 10690.34 | P82: =O82/31-N82/30 -> 56.747677
B83: 12:00-13:00 | C83: 12点时段 | D83: 8697 | E83: 6920.33 | F83: 6733.55 | G83: 5978.58 | H83: 6011.65 | I83: 5562.62 | J83: 6228.04 | K83: 6064.62 | L83: 7469.75 | M83: 8002.94 | N83: 9045.11 | O83: 9846.96 | P83: =O83/31-N83/30 -> 16.140204
B84: 13:00-14:00 | C84: 13点时段 | D84: 4873 | E84: 4831 | F84: 3231.8 | G84: 3271.2 | H84: 3236.08 | I84: 3794.87 | J84: 3299.4 | K84: 3856.18 | L84: 4036.85 | M84: 5227.7 | N84: 5851.2 | O84: 7006.02 | P84: =O84/31-N84/30 -> 30.960645
B85: 14:00-15:00 | C85: 14点时段 | D85: 3601.7 | E85: 3581.47 | F85: 2696.6 | G85: 2278.6 | H85: 2741.7 | I85: 2293.2 | J85: 2520.72 | K85: 2493.85 | L85: 2994.6 | M85: 3253.9 | N85: 3626.05 | O85: 4412.6 | P85: =O85/31-N85/30 -> 21.473602
B86: 15:00-16:00 | C86: 15点时段 | D86: 2387 | E86: 2466.36 | F86: 1686.06 | G86: 1241 | H86: 1407.65 | I86: 1552.54 | J86: 1657.4 | K86: 2021.15 | L86: 1870.8 | M86: 1869.16 | N86: 2189.05 | O86: 2950.65 | P86: =O86/31-N86/30 -> 22.213925
B87: 16:00-17:00 | C87: 16点时段 | D87: 2684.33 | E87: 2172 | F87: 1854.7 | G87: 1807.26 | H87: 1802.02 | I87: 1883.27 | J87: 2120.01 | K87: 2528.55 | L87: 2504.02 | M87: 3064.84 | N87: 2553.77 | O87: 3880.63 | P87: =O87/31-N87/30 -> 40.055946
... B91: 20:00-21:00 | C91: 20点时段 | D91: 564 | E91: 348 | F91: 364 | G91: 606.5 | H91: 886.22 | I91: 966.12 | J91: 1417.76 | K91: 1210.1 | L91: 758.71 | M91: 379.28 | N91: 324.8 | O91: 299.86 | P91: =O91/31-N91/30 -> -1.1537634
B92: 21:00-22:00 | C92: 21点时段 | F92: 6 | I92: 2.3 | J92: 41 | K92: 16 | L92: 4.31 | P92: =O92/31-N92/30 -> 0
B93: 22:00-23:00 | C93: 22点时段 | L93: 19.27 | P93: =O93/31-N93/30 -> 0
B94: 23:00-24:00 | C94: 23点时段 | P94: =O94/31-N94/30 -> 0
B95: 小计 | D95: =SUM(D75:D94) -> 81907.68 | E95: =SUM(E75:E94) -> 74101.59 | F95: =SUM(F75:F94) -> 71806.2 | G95: =SUM(G75:G94) -> 69853.38 | H95: =SUM(H75:H94) -> 80565.41 | I95: =SUM(I75:I94) -> 75347.44 | J95: =SUM(J75:J94) -> 84769.78 | K95: =SUM(K75:K94) -> 87358.71 | ... O95: =SUM(O75:O94) -> 120447.8 | P95: =O95/31-N95/30 -> 518.2279

Sheet 2025年门店销售时段分析
B2: 店名 | C2: 步行街店
C3: 00:00-05:00 | D3: 05:00-06:00 | E3: 06:00-07:00 | F3: 07:00-08:00 | G3: 08:00-09:00 | H3: 09:00-10:00 | I3: 10:00-11:00 | J3: 11:00-12:00 | K3: 12:00-13:00 | L3: 13:00-14:00 | M3: 14:00-15:00 | N3: 15:00-16:00 | O3: 16:00-17:00 | P3: 17:00-18:00 | Q3: 18:00-19:00 | R3: 19:00-20:00 | S3: 20:00-21:00 | T3: 21:00-22:00 | U3: 22:00-23:00 | V3: 23:00-24:00 | W3: 小计
B4: 时段 | C4: 0-5点时段 | D4: 5点时段 | E4: 6点时段 | F4: 7点时段 | G4: 8点时段 | H4: 9点时段 | I4: 10点时段 | J4: 11点时段 | K4: 12点时段 | L4: 13点时段 | M4: 14点时段 | N4: 15点时段 | O4: 16点时段 | P4: 17点时段 | Q4: 18点时段 | R4: 19点时段 | S4: 20点时段 | T4: 21点时段 | U4: 22点时段 | V4: 23点时段
B5: 1月 | D5: 264.5 | E5: 2174.5 | F5: 15392.5 | G5: 25286.78 | H5: 18670.5 | I5: 11735.52 | J5: 8210.94 | K5: 18622 | L5: 5153.83 | M5: 2276.5 | N5: 1248.5 | O5: 1062 | P5: 2878 | Q5: 2421.5 | R5: 922 | S5: 496 | T5: 3 | W5: =SUM(C5:V5) -> 116818.57
B6: 2月 | D6: 258 | E6: 2750 | F6: 15147.67 | G6: 23655.43 | H6: 17627 | I6: 11096 | J6: 8265 | K6: 17072 | L6: 5334 | M6: 2021.5 | N6: 1587 | O6: 1880 | P6: 3479 | Q6: 2673.5 | R6: 1255.5 | S6: 460 | T6: 36 | W6: =SUM(C6:V6) -> 114597.6
B7: 3月 | D7: 165.5 | E7: 4262 | F7: 19091.5 | G7: 28832 | H7: 18617 | I7: 10288 | J7: 7918 | K7: 17233.5 | L7: 4183 | M7: 1714 | N7: 1121 | O7: 1502.5 | P7: 3122.5 | Q7: 3018.5 | R7: 1228 | S7: 620.5 | T7: 117 | W7: =SUM(C7:V7) -> 123034.5
B8: 4月 | D8: 115.5 | E8: 5829.6 | F8: 22408.5 | G8: 28930.4 | H8: 16214.4 | I8: 8339 | J8: 7238.96 | K8: 15651 | L8: 3843.5 | M8: 1810 | N8: 941.5 | O8: 1167.5 | P8: 3195 | Q8: 2701 | R8: 1001.5 | S8: 730.5 | T8: 31 | W8: =SUM(C8:V8) -> 120148.86
B9: 5月 | C9: 12.5 | D9: 721.09 | E9: 6809.73 | F9: 24325.97 | G9: 31840.22 | H9: 18028.7 | I9: 9503.7 | J9: 6515.41 | K9: 14189.24 | L9: 4380.56 | M9: 1428.77 | N9: 1130.17 | O9: 1199 | P9: 3209.5 | Q9: 3157.63 | R9: 1374.5 | S9: 803.5 | T9: 6 | W9: =SUM(C9:V9) -> 128636.19
B10: 6月 | C10: 76 | D10: 237 | E10: 6248.32 | F10: 20342.54 | G10: 25817.63 | H10: 15211.6 | I10: 8667.78 | J10: 5364.97 | K10: 12515.88 | L10: 3337.89 | M10: 1323 | N10: 810.04 | O10: 1241.5 | P10: 2725.5 | Q10: 2469.72 | R10: 1459.5 | S10: 794 | T10: 29 | W10: =SUM(C10:V10) -> 108671.87
B11: 7月 | C11: 25 | D11: 427 | E11: 6236.8 | F11: 28319.21 | G11: 31319.13 | H11: 19147.36 | I11: 9920.23 | J11: 5705.98 | K11: 16664.47 | L11: 3426.17 | M11: 1034.19 | N11: 892.4 | O11: 794.23 | P11: 2264.04 | Q11: 3094.43 | R11: 2106.01 | S11: 925.57 | T11: 93 | W11: =SUM(C11:V11) -> 132395.22
B12: 8月 | C12: 8 | D12: 361.5 | E12: 5967.07 | F12: 20438.52 | G12: 28277.4 | H12: 17669.58 | I12: 8412.23 | J12: 5673.53 | K12: 12408.1 | L12: 3044.23 | M12: 1153.83 | N12: 894.67 | O12: 588.4 | P12: 1684.5 | Q12: 2198.36 | R12: 1612.73 | S12: 647 | T12: 21.5 | W12: =SUM(C12:V12) -> 111061.15
B13: 9月 | C13: 4 | D13: 392 | E13: 7341.28 | F13: 19680.84 | G13: 24741.73 | H13: 13192.66 | I13: 6821.4 | J13: 7021.6 | K13: 11512.8 | L13: 3110.2 | M13: 1175.1 | N13: 835 | O13: 854.2 | P13: 2829.6 | Q13: 1954.05 | R13: 1283.8 | S13: 726.4 | W13: =SUM(C13:V13) -> 103476.66
B14: 10月 | C14: 8 | D14: 329.5 | E14: 5229.6 | F14: 18517.43 | G14: 24164.8 | H14: 16067.23 | I14: 6784.77 | J14: 7761.2 | K14: 12941.1 | L14: 3129.63 | M14: 1180.1 | N14: 1114.3 | O14: 1116.2 | P14: 2211.7 | Q14: 2023.43 | R14: 1043.65 | S14: 517.5 | T14: 6 | W14: =SUM(C14:V14) -> 104146.14
B15: 11月 | D15: 147 | E15: 3470.1 | F15: 18834.2 | G15: 24647.63 | H15: 17710.23 | I15: 8751 | J15: 6904.24 | K15: 17161.9 | L15: 4295.2 | M15: 1492.5 | N15: 1197.4 | O15: 1216.2 | P15: 3019.6 | Q15: 2196.15 | R15: 725.43 | S15: 349 | T15: 39 | W15: =SUM(C15:V15) -> 112156.78
B16: 12月 | C16: 42 | D16: 3490.6 | E16: 23384 | F16: 33219.53 | G16: 22725.18 | H16: 10853.49 | I16: 10542.65 | J16: 23942.3 | K16: 6292.9 | L16: 2399.69 | M16: 1395.9 | N16: 1643.9 | O16: 3987.5 | P16: 3338.23 | Q16: 1152.03 | R16: 610 | S16: 27 | W16: =SUM(C16:V16) -> 149046.9
B20: 店名 | C20: 十一小区店
C21: 00:00-05:00 | D21: 05:00-06:00 | E21: 06:00-07:00 | F21: 07:00-08:00 | G21: 08:00-09:00 | H21: 09:00-10:00 | I21: 10:00-11:00 | J21: 11:00-12:00 | K21: 12:00-13:00 | L21: 13:00-14:00 | M21: 14:00-15:00 | N21: 15:00-16:00 | O21: 16:00-17:00 | P21: 17:00-18:00 | Q21: 18:00-19:00 | R21: 19:00-20:00 | S21: 20:00-21:00 | T21: 21:00-22:00 | U21: 22:00-23:00 | V21: 23:00-24:00 | W21: 小计
B22: 时段 | C22: 0-5点时段 | D22: 5点时段 | E22: 6点时段 | F22: 7点时段 | G22: 8点时段 | H22: 9点时段 | I22: 10点时段 | J22: 11点时段 | K22: 12点时段 | L22: 13点时段 | M22: 14点时段 | N22: 15点时段 | O22: 16点时段 | P22: 17点时段 | Q22: 18点时段 | R22: 19点时段 | S22: 20点时段 | T22: 21点时段 | U22: 22点时段 | V22: 23点时段
B23: 1月 | D23: 431 | E23: 3907.18 | F23: 16656.16 | G23: 24798.2 | H23: 21532.16 | I23: 11458.45 | J23: 7568.13 | K23: 10546.73 | L23: 4454.19 | M23: 2485.65 | N23: 806.63 | O23: 661 | P23: 1640.28 | Q23: 2079.14 | R23: 1264.7 | S23: 200.5 | W23: =SUM(C23:V23) -> 110490.1
B24: 2月 | D24: 311.5 | E24: 3373 | F24: 17880.69 | G24: 23761.3 | H24: 19505.04 | I24: 10324.71 | J24: 9324.11 | K24: 12928.38 | L24: 5424.71 | M24: 2220.32 | N24: 1342 | O24: 878.82 | P24: 2157.54 | Q24: 2092.5 | R24: 1309.74 | S24: 165.5 | W24: =SUM(C24:V24) -> 112999.86
B25: 3月 | D25: 611.72 | E25: 5733.74 | F25: 26995.44 | G25: 31226.51 | H25: 21250.35 | I25: 10336.13 | J25: 9421.74 | K25: 12527.31 | L25: 5045.6 | M25: 2624 | N25: 1367 | O25: 958 | P25: 2788.64 | Q25: 2717.89 | R25: 1684.05 | S25: 401.5 | W25: =SUM(C25:V25) -> 135689.62
B26: 4月 | D26: 853 | E26: 9415.59 | F26: 30571.35 | G26: 28470.5 | H26: 20317.87 | I26: 8732.06 | J26: 9458.83 | K26: 11714.03 | L26: 4884.72 | M26: 2108.5 | N26: 1209.5 | O26: 1105.47 | P26: 3088.12 | Q26: 3340 | R26: 2014.48 | S26: 534.5 | W26: =SUM(C26:V26) -> 137818.52
B27: 5月 | D27: 1172.94 | E27: 9500.17 | F27: 30226.38 | G27: 32394.88 | H27: 21405.97 | I27: 9981.95 | J27: 9085.84 | K27: 11634.37 | L27: 5176.87 | M27: 2120.66 | N27: 1024.84 | O27: 1199.31 | P27: 2785.17 | Q27: 3431.33 | R27: 2313.79 | S27: 540 | T27: 6.72 | W27: =SUM(C27:V27) -> 144001.19
B28: 6月 | D28: 1097 | E28: 8324.05 | F28: 24038.41 | G28: 27956.56 | H28: 17488.24 | I28: 10246.08 | J28: 8465.78 | K28: 10903.39 | L28: 3886.57 | M28: 1954.55 | N28: 1234.58 | O28: 1316.25 | P28: 2394.07 | Q28: 3910.42 | R28: 2077.77 | S28: 348.51 | W28: =SUM(C28:V28) -> 125642.23
B29: 7月 | D29: 1660.84 | E29: 10528.62 | F29: 30957.16 | G29: 35251.14 | H29: 22226.22 | I29: 11748.66 | J29: 9566.58 | K29: 11669.63 | L29: 4351.27 | M29: 1554.91 | N29: 1150.57 | O29: 867.87 | P29: 2207.86 | Q29: 3488.58 | R29: 2888.66 | S29: 498.04 | W29: =SUM(C29:V29) -> 150616.61
B30: 8月 | C30: 1861.39 | D30: 1446.86 | E30: 9729.95 | F30: 28549.67 | G30: 36945.8 | H30: 25842.25 | I30: 14005.05 | J30: 10215.62 | K30: 10661.35 | L30: 4655.96 | M30: 2288.32 | N30: 1132.2 | O30: 1193.72 | P30: 2477.19 | Q30: 3252.75 | R30: 3038.45 | S30: 590.53 | T30: 26.66 | W30: =SUM(C30:V30) -> 157913.72
B31: 9月 | C31: 826.16 | D31: 823.36 | E31: 11755.29 | F31: 28273.57 | G31: 29147.54 | H31: 18240.58 | I31: 9146.58 | J31: 9322.95 | K31: 10208.4 | L31: 4498.74 | M31: 2338.16 | N31: 1136.73 | O31: 1224.59 | P31: 2773.04 | Q31: 3281.38 | R31: 2291.17 | S31: 381.05 | T31: 15.14 | W31: =SUM(C31:V31) -> 135684.43
B32: 10月 | C32: 366.19 | D32: 640.53 | E32: 10328.51 | F32: 29988.93 | G32: 32207.82 | H32: 22838.3 | I32: 11580.31 | J32: 10667.33 | K32: 11395.96 | L32: 4998.99 | M32: 2605.52 | N32: 1377.11 | O32: 1368.54 | P32: 2861.25 | Q32: 3936.4 | R32: 2204.14 | S32: 209 | T32: 8.51 | V32: 15.81 | W32: =SUM(C32:V32) -> 149599.15
B33: 11月 | C33: 184.67 | D33: 1147.14 | E33: 9871.69 | F33: 26949.24 | G33: 33371.81 | H33: 22511.11 | I33: 11936.55 | J33: 13633.62 | K33: 14121.76 | L33: 6609.04 | M33: 3734.45 | N33: 1733.19 | O33: 1404.36 | P33: 4180.59 | Q33: 4435.01 | R33: 2826.77 | S33: 427.5 | W33: =SUM(C33:V33) -> 159078.5
B34: 12月 | C34: 299.8 | D34: 1053.96 | E34: 9114.77 | F34: 24794.52 | G34: 33181.69 | H34: 23924.17 | I34: 13774.74 | J34: 17573.88 | K34: 20507.43 | L34: 9715.57 | M34: 4557.37 | N34: 2547.48 | O34: 2641.76 | P34: 5023.47 | Q34: 5734.02 | R34: 2810.21 | S34: 124.5 | T34: 20.26 | U34: 15.08 | V34: 9.08 | W34: =SUM(C34:V34) -> 177423.76
B38: 店名 | C38: 铁机路店
C39: 00:00-05:00 | D39: 05:00-06:00 | E39: 06:00-07:00 | F39: 07:00-08:00 | G39: 08:00-09:00 | H39: 09:00-10:00 | I39: 10:00-11:00 | J39: 11:00-12:00 | K39: 12:00-13:00 | L39: 13:00-14:00 | M39: 14:00-15:00 | N39: 15:00-16:00 | O39: 16:00-17:00 | P39: 17:00-18:00 | Q39: 18:00-19:00 | R39: 19:00-20:00 | S39: 20:00-21:00 | T39: 21:00-22:00 | U39: 22:00-23:00 | V39: 23:00-24:00 | W39: 小计
B40: 时段 | C40: 0-5点时段 | D40: 5点时段 | E40: 6点时段 | F40: 7点时段 | G40: 8点时段 | H40: 9点时段 | I40: 10点时段 | J40: 11点时段 | K40: 12点时段 | L40: 13点时段 | M40: 14点时段 | N40: 15点时段 | O40: 16点时段 | P40: 17点时段 | Q40: 18点时段 | R40: 19点时段 | S40: 20点时段 | T40: 21点时段 | U40: 22点时段 | V40: 23点时段
B41: 1月 | W41: =SUM(C41:V41) -> 0
B42: 2月 | D42: 166.9 | E42: 2355.8 | F42: 8520.4 | G42: 15521 | H42: 12302.1 | I42: 6797.2 | J42: 7783.6 | K42: 12644.7 | L42: 7616.6 | M42: 4483.9 | N42: 2447.4 | O42: 2129.5 | P42: 3919.2 | Q42: 7590.3 | R42: 5336.8 | S42: 430.9 | W42: =SUM(C42:V42) -> 100046.3
B43: 3月 | D43: 684.3 | E43: 6370.1 | F43: 14794.5 | G43: 22640 | H43: 17101.5 | I43: 9368.1 | J43: 11908.3 | K43: 20943.9 | L43: 12116.8 | M43: 6741.5 | N43: 3596.1 | O43: 3161.8 | P43: 4594 | Q43: 10167.8 | R43: 8539.8 | S43: 3052.4 | W43: =SUM(C43:V43) -> 155780.9
B44: 4月 | D44: 958.2 | E44: 7767.9 | F44: 14561.6 | G44: 18382.8 | H44: 13116.4 | I44: 9281.9 | J44: 11181.7 | K44: 18255.2 | L44: 11083.6 | M44: 5887 | N44: 3462.4 | O44: 2535.8 | P44: 4696.5 | Q44: 9357.5 | R44: 8486 | S44: 3122.5 | W44: =SUM(C44:V44) -> 142137
B45: 5月 | D45: 1418.5 | E45: 7866.19 | F45: 14493.67 | G45: 18578.53 | H45: 14315.64 | I45: 8322.93 | J45: 10954.27 | K45: 20116.77 | L45: 11492.37 | M45: 6575.31 | N45: 3958.32 | O45: 3278.78 | P45: 4906.09 | Q45: 8313 | R45: 8291.22 | S45: 3227.38 | W45: =SUM(C45:V45) -> 146108.97
B46: 6月 | C46: 13.52 | D46: 1475.94 | E46: 7632.51 | F46: 13902.27 | G46: 16616.1 | H46: 12763.74 | I46: 7691.63 | J46: 10073.07 | K46: 16179.05 | L46: 10730.41 | M46: 5646.02 | N46: 3527.22 | O46: 2641.83 | P46: 4309.03 | Q46: 8062.37 | R46: 7923.32 | S46: 3282.76 | T46: 12.81 | W46: =SUM(C46:V46) -> 132483.6
B47: 7月 | C47: 443.18 | D47: 3762.58 | E47: 8442.64 | F47: 16165.99 | G47: 20833.33 | H47: 16639.07 | I47: 9471.51 | J47: 11214.89 | K47: 14673.55 | L47: 9637.16 | M47: 5967.99 | N47: 4150.02 | O47: 2903.66 | P47: 5059.6 | Q47: 8694.95 | R47: 8634.09 | S47: 2805.73 | W47: =SUM(C47:V47) -> 149499.94
B48: 8月 | C48: 607.05 | D48: 2476.17 | E48: 9309.5 | F48: 18490.87 | G48: 23308.73 | H48: 19779 | I48: 12081.35 | J48: 13619.21 | K48: 15832.78 | L48: 9345.67 | M48: 6783.12 | N48: 4313.34 | O48: 3568.32 | P48: 5387.27 | Q48: 9674.17 | R48: 8646.08 | S48: 2230.78 | W48: =SUM(C48:V48) -> 165453.41
B49: 9月 | C49: 101.38 | D49: 1126.32 | E49: 8223.79 | F49: 16591 | G49: 19717.15 | H49: 13565.96 | I49: 8421.67 | J49: 10996.65 | K49: 14853.88 | L49: 9868.9 | M49: 5641.75 | N49: 3218.35 | O49: 3169.94 | P49: 5013.35 | Q49: 9245.25 | R49: 6964.9 | S49: 1859.02 | W49: =SUM(C49:V49) -> 138579.26
B50: 10月 | C50: 75.17 | D50: 1000.97 | E50: 8368.09 | F50: 17943.07 | G50: 22868.92 | H50: 18966.9 | I50: 11123.1 | J50: 16554.19 | K50: 17744.64 | L50: 11505.86 | M50: 7081.97 | N50: 4206.85 | O50: 4255.3 | P50: 6982.5 | Q50: 10842.11 | R50: 7147.82 | S50: 1840.12 | W50: =SUM(C50:V50) -> 168507.58
B51: 11月 | C51: 72.91 | D51: 1233.28 | E51: 6709.24 | F51: 16394.11 | G51: 22539.65 | H51: 17219.76 | I51: 9789.21 | J51: 14445.19 | K51: 16749.47 | L51: 10869.21 | M51: 6826.29 | N51: 4457.63 | O51: 3475.47 | P51: 6158.49 | Q51: 9578.48 | R51: 6475.69 | S51: 1403.63 | W51: =SUM(C51:V51) -> 154397.71
B52: 12月 | C52: 40.53 | D52: 965.82 | E52: 8160.27 | F52: 18875.99 | G52: 25403.63 | H52: 18909.03 | I52: 12340.36 | J52: 18048.83 | K52: 19069.77 | L52: 13404.23 | M52: 8354.58 | N52: 5933.49 | O52: 4002.98 | P52: 7746.63 | Q52: 10809.67 | R52: 7513.09 | S52: 1464.18 | W52: =SUM(C52:V52) -> 181043.08
B57: 店名 | C57: 蔡甸中百店
